source_name_key,canonical_name_key,mapping_type,decision_basis,approved_by,approved_at
chrisostomo,crisostomo,first_name_variant,high_similarity_same_gender_phonetic_variant,Codex_preliminary,2026-08-19
chatalina,catalina,first_name_variant,high_similarity_same_gender_phonetic_variant,Codex_preliminary,2026-08-19
christina,cristina,first_name_variant,high_similarity_same_gender_phonetic_variant,Codex_preliminary,2026-08-19
michaela,micaela,first_name_variant,high_similarity_same_gender_phonetic_variant,Codex_preliminary,2026-08-19
crispin,chrispin,first_name_variant,high_similarity_same_gender_phonetic_variant,Codex_preliminary,2026-08-19
crespin,chrespin,first_name_variant,high_similarity_same_gender_phonetic_variant,Codex_preliminary,2026-08-19
fhelipe,felipe,first_name_variant,high_similarity_same_gender_phonetic_variant,Codex_preliminary,2026-08-19
consepcion,concepcion,first_name_variant,high_similarity_same_gender_phonetic_variant,Codex_preliminary,2026-08-19
patrosinia,patrocinia,first_name_variant,high_similarity_same_gender_phonetic_variant,Codex_preliminary,2026-08-19
yldefonsio,yldefoncio,first_name_variant,high_similarity_same_gender_phonetic_variant,Codex_preliminary,2026-08-19
nepomuseno,nepomuceno,first_name_variant,high_similarity_same_gender_phonetic_variant,Codex_preliminary,2026-08-19
fransisco,francisco,first_name_variant,high_similarity_same_gender_phonetic_variant,Codex_preliminary,2026-08-19
fransisca,francisca,first_name_variant,high_similarity_same_gender_phonetic_variant,Codex_preliminary,2026-08-19
felisiana,feliciana,first_name_variant,high_similarity_same_gender_phonetic_variant,Codex_preliminary,2026-08-19
rudesindo,rudecindo,first_name_variant,high_similarity_same_gender_phonetic_variant,Codex_preliminary,2026-08-19
bonifasia,bonifacia,first_name_variant,high_similarity_same_gender_phonetic_variant,Codex_preliminary,2026-08-19
bonifasio,bonifacio,first_name_variant,high_similarity_same_gender_phonetic_variant,Codex_preliminary,2026-08-19
marselina,marcelina,first_name_variant,high_similarity_same_gender_phonetic_variant,Codex_preliminary,2026-08-19
marselino,marcelino,first_name_variant,high_similarity_same_gender_phonetic_variant,Codex_preliminary,2026-08-19
ynocensio,ynocencio,first_name_variant,high_similarity_same_gender_phonetic_variant,Codex_preliminary,2026-08-19
ynosensio,ynocencio,first_name_variant,connected_variant_cluster_highest_frequency_canonical,Codex_preliminary,2026-08-19
clemenzia,clemencia,first_name_variant,high_similarity_same_gender_phonetic_variant,Codex_preliminary,2026-08-19
wenseslao,wenceslao,first_name_variant,high_similarity_same_gender_phonetic_variant,Codex_preliminary,2026-08-19
anastasia,anastacia,first_name_variant,high_similarity_same_gender_phonetic_variant,Codex_preliminary,2026-08-19
prudensio,prudencio,first_name_variant,high_similarity_same_gender_phonetic_variant,Codex_preliminary,2026-08-19
fulgensia,fulgencia,first_name_variant,high_similarity_same_gender_phonetic_variant,Codex_preliminary,2026-08-19
rudesinda,rudecinda,first_name_variant,high_similarity_same_gender_phonetic_variant,Codex_preliminary,2026-08-19
rodesindo,rodecindo,first_name_variant,high_similarity_same_gender_phonetic_variant,Codex_preliminary,2026-08-19
consebido,concebido,first_name_variant,high_similarity_same_gender_phonetic_variant,Codex_preliminary,2026-08-19
laurensia,laurencia,first_name_variant,high_similarity_same_gender_phonetic_variant,Codex_preliminary,2026-08-19
rodesinda,rodecinda,first_name_variant,high_similarity_same_gender_phonetic_variant,Codex_preliminary,2026-08-19
rudicinda,rudisinda,first_name_variant,high_similarity_same_gender_phonetic_variant,Codex_preliminary,2026-08-19
ynosencio,ynocencio,first_name_variant,connected_variant_cluster_highest_frequency_canonical,Codex_preliminary,2026-08-19
constansa,constancia,first_name_variant,shared_child_parent_context_baptism_1891_09_19_burial_1892_01_15,Codex_preliminary,2026-08-19
