persona_id_l,persona_id_r,blocking_rules,blocking_rule_count,blocking_strength_max,blocking_strength_sum,found_by_primary,found_by_rescue,candidate_stage,event_place_clean_l,role_group_l,first_name_clean_l,lastname_clean_l,family_context_level_l,event_place_clean_r,role_group_r,first_name_clean_r,lastname_clean_r,family_context_level_r,same_event,same_role,same_event_same_role,event_type_pair,role_pair,structural_conflict,pair_key,first_name_gender_evidence_l,event_key_l,full_name_clean_l,parent_pair_clean_l,existing_gender_evidence_l,event_place_linkage_key_l,gender_evidence_status_l,first_name_rarity_category_l,event_year_l,role_standard_l,first_name_canonical_key_l,first_name_frequency_l,event_type_l,lastname_canonical_key_l,spouse_name_clean_ctx_l,first_name_gender_evidence_r,event_key_r,full_name_clean_r,parent_pair_clean_r,existing_gender_evidence_r,event_place_linkage_key_r,gender_evidence_status_r,first_name_rarity_category_r,event_year_r,role_standard_r,first_name_canonical_key_r,first_name_frequency_r,event_type_r,lastname_canonical_key_r,spouse_name_clean_ctx_r,canonical_first_name_exact,canonical_lastname_exact,canonical_full_name_exact,parent_pair_exact,spouse_name_exact,place_linkage_exact,event_year_gap,rare_first_name,gender_evidence_conflict,chronology_review_flag,professor_safeguards_applied,review_support_score,review_priority,review_decision,review_notes,review_case_id,review_assignment,sample_selection_rule,sample_selection_reason,reviewer_decision,reviewer_notes,reviewed_by,reviewed_at,other notes
persona-10137,persona-17901,canonical_full_name_plus_spouse,1,2,2.0,False,True,name_enhancement_rescue_v2,,,,,,,,,,,,,False,,,,persona-10137||persona-17901,male,APAucará-LB-L002_B00698,sebastian guarancca,,male,aucara,agrees_with_existing_gender,Most common,1838,father,sebastian,349.0,baptism,huarancca,maria quispe,male,APAucará-LB-L003_B0258,sebastian huarancca,,male,aucara,agrees_with_existing_gender,Most common,1851,father,sebastian,349.0,baptism,huarancca,maria quispe,True,True,True,False,True,True,13,False,False,False,True,5,high_context,unreviewed,,NAME-V2-0066,student_first_pass,canonical_full_name_plus_spouse,unseen_spouse_context_coverage,confirmed_match,Codex preliminary evidence review: canonical full name and spouse context agree; 13-year event gap; no conflicting gender evidence.,Codex preliminary evidence review,2026-08-19,
persona-10383,persona-14568,canonical_full_name_plus_spouse,1,2,2.0,False,True,name_enhancement_rescue_v2,,,,,,,,,,,,,False,,,,persona-10383||persona-14568,female,APAucará-LB-L006_B00010,paula sanchez,,female,aucara,agrees_with_existing_gender,Most common,1896,mother,paula,423.0,baptism,sanches,gregorio vega,female,APAucará-LB-L005_B00603,paula sanches,,female,aucara,agrees_with_existing_gender,Most common,1893,mother,paula,423.0,baptism,sanches,gregorio vega,True,True,True,False,True,True,3,False,False,False,True,5,high_context,unreviewed,,NAME-V2-0032,student_first_pass,canonical_full_name_plus_spouse,unseen_spouse_context_coverage,confirmed_match,Codex preliminary evidence review: canonical full name and spouse context agree; 3-year event gap; no conflicting gender evidence.,Codex preliminary evidence review,2026-08-19,
persona-1041,persona-11,canonical_full_name_plus_spouse,1,2,2.0,False,True,name_enhancement_rescue_v2,,,,,,,,,,,,,False,,,,persona-1041||persona-11,female,APAucará-LB-L001_B272,juliana chinchai,,female,,agrees_with_existing_gender,Most common,1793,mother,juliana,242.0,baptism,chinchay,jacinto quispe,female,APAucará-LB-L001_B003,juliana chinchay,,female,pampamarca,agrees_with_existing_gender,Most common,1790,mother,juliana,242.0,baptism,chinchay,jacinto quispe,True,True,True,False,True,False,3,False,False,False,True,4,medium_context,unreviewed,,NAME-V2-0005,student_first_pass,additional_unseen_pair,fill_to_master_sample,confirmed_match,Codex preliminary evidence review: canonical full name and spouse context agree; 3-year event gap; no conflicting gender evidence.,Codex preliminary evidence review,2026-08-19,
persona-1041,persona-1618,canonical_full_name_plus_spouse,1,2,2.0,False,True,name_enhancement_rescue_v2,,,,,,,,,,,,,False,,,,persona-1041||persona-1618,female,APAucará-LB-L001_B272,juliana chinchai,,female,,agrees_with_existing_gender,Most common,1793,mother,juliana,242.0,baptism,chinchay,jacinto quispe,female,APAucará-LB-L001_B421,juliana chinchay,,female,,agrees_with_existing_gender,Most common,1795,mother,juliana,242.0,baptism,chinchay,jacinto quispe,True,True,True,False,True,False,2,False,False,False,True,4,medium_context,unreviewed,,NAME-V2-0024,student_first_pass,canonical_full_name_plus_spouse,unseen_spouse_context_coverage,confirmed_match,Codex preliminary evidence review: canonical full name and spouse context agree; 2-year event gap; no conflicting gender evidence.,Codex preliminary evidence review,2026-08-19,
persona-10554,persona-14864,canonical_full_name_plus_spouse,1,2,2.0,False,True,name_enhancement_rescue_v2,,,,,,,,,,,,,False,,,,persona-10554||persona-14864,female,APAucará-LB-L006_B00053,juana ortiz,,female,aucara,agrees_with_existing_gender,Most common,1896,mother,juana,851.0,baptism,ortis,mariano asto,female,APAucará-LB-L005_B00677,juana ortis,,female,aucara,agrees_with_existing_gender,Most common,1893,mother,juana,851.0,baptism,ortis,mariano asto,True,True,True,False,True,True,3,False,False,False,True,5,high_context,unreviewed,,NAME-V2-0033,student_first_pass,canonical_full_name_plus_spouse,unseen_spouse_context_coverage,confirmed_match,Codex preliminary evidence review: canonical full name and spouse context agree; 3-year event gap; no conflicting gender evidence.,Codex preliminary evidence review,2026-08-19,
persona-10772,persona-37120,canonical_full_name_plus_spouse,1,2,2.0,False,True,name_enhancement_rescue_v2,,,,,,,,,,,,,False,,,,persona-10772||persona-37120,male,APAucará-LB-L006_B00108,cristoval fernandez,,unknown,aucara,name_evidence_only,Most common,1897,father,cristobal,72.0,baptism,fernandez,gregoria jimenes,male,APAucará-LM-L003_M039,cristobal fernandes,luis fernandes|paula peres,unknown,chacralla iglesia vice parroquial,name_evidence_only,Most common,1888,husband,cristobal,72.0,marriage,fernandez,gregoria jimenes,True,True,True,False,True,False,9,False,False,False,True,4,medium_context,unreviewed,,NAME-V2-0058,student_first_pass,canonical_full_name_plus_spouse,unseen_spouse_context_coverage,confirmed_match,Codex preliminary evidence review: canonical full name and spouse context agree; 9-year event gap; no conflicting gender evidence.,Codex preliminary evidence review,2026-08-19,
persona-1080,persona-3405,canonical_full_name_plus_spouse,1,2,2.0,False,True,name_enhancement_rescue_v2,,,,,,,,,,,,,False,,,,persona-1080||persona-3405,female,APAucará-LB-L001_B282,francisca paucar,,female,,agrees_with_existing_gender,Most common,1793,mother,francisca,575.0,baptism,paucar,leonardo romani,female,APAucará-LB-L001_B877,francisca pauccar,,female,,agrees_with_existing_gender,Most common,1801,mother,francisca,575.0,baptism,paucar,leonardo romani,True,True,True,False,True,False,8,False,False,False,True,4,medium_context,unreviewed,,NAME-V2-0054,student_first_pass,canonical_full_name_plus_spouse,unseen_spouse_context_coverage,confirmed_match,Codex preliminary evidence review: canonical full name and spouse context agree; 8-year event gap; no conflicting gender evidence.,Codex preliminary evidence review,2026-08-19,
persona-10872,persona-12473,canonical_full_name_plus_spouse,1,2,2.0,False,True,name_enhancement_rescue_v2,,,,,,,,,,,,,False,,,,persona-10872||persona-12473,female,APAucará-LB-L006_B00133,candelaria florez,,female,ishua santa iglesia viceparroquial,agrees_with_existing_gender,Most common,1899,mother,candelaria,77.0,baptism,flores,ygnacio huachaca,female,APAucará-LB-L005_B00078,candelaria flores,,female,aucara,agrees_with_existing_gender,Most common,1889,mother,candelaria,77.0,baptism,flores,ygnacio huachaca,True,True,True,False,True,False,10,False,False,False,True,4,medium_context,unreviewed,,NAME-V2-0060,student_first_pass,canonical_full_name_plus_spouse,unseen_spouse_context_coverage,confirmed_match,Codex preliminary evidence review: canonical full name and spouse context agree; 10-year event gap; no conflicting gender evidence.,Codex preliminary evidence review,2026-08-19,
persona-10872,persona-23618,canonical_full_name_plus_spouse,1,2,2.0,False,True,name_enhancement_rescue_v2,,,,,,,,,,,,,False,,,,persona-10872||persona-23618,female,APAucará-LB-L006_B00133,candelaria florez,,female,ishua santa iglesia viceparroquial,agrees_with_existing_gender,Most common,1899,mother,candelaria,77.0,baptism,flores,ygnacio huachaca,female,APAucará-LB-L004_B1700,candelaria flores,,female,aucara,agrees_with_existing_gender,Most common,1884,mother,candelaria,77.0,baptism,flores,ygnacio huachaca,True,True,True,False,True,False,15,False,False,False,True,4,medium_context,unreviewed,,NAME-V2-0071,student_first_pass,canonical_full_name_plus_spouse,unseen_spouse_context_coverage,confirmed_match,Codex preliminary evidence review: canonical full name and spouse context agree; 15-year event gap; no conflicting gender evidence.,Codex preliminary evidence review,2026-08-19,
persona-11241,persona-33078,marriage_godparent_canonical_full_name_plus_place,1,1,1.0,False,True,name_enhancement_rescue_v2,,,,,,,,,,,,,False,,,,persona-11241||persona-33078,male,APAucará-LB-L006_B00226,oseas bendezu,,unknown,aucara,name_evidence_only,Common,1901,father,oseas,5.0,baptism,bendezu,tereza rodriguez,male,APAucará-LM-L004_M330,oseas bendezu,,unknown,aucara,name_evidence_only,Common,1920,godparent,oseas,5.0,marriage,bendezu,,True,True,True,False,True,True,19,False,False,False,True,5,high_context,unreviewed,,NAME-ENH-0099,professor_completed,professor_reviewed_rule_coverage,retained_professor_confirmed_match,confirmed_match,The second name (Oseas Oscar) is not such. It is simply Oseas. Please make sure to fix in the master dataset. ,JCP,8/17/2026,
persona-11293,persona-37518,canonical_full_name_rare,1,1,1.0,False,True,name_enhancement_rescue_v2,,,,,,,,,,,,,False,,,,persona-11293||persona-37518,male,APAucará-LB-L006_B00239,barbaro espinoza,,male,pampamarca,agrees_with_existing_gender,Rare,1901,father,barbaro,2.0,baptism,espinosa,rafaela medina,male,APAucará-LM-L003_M076,barbaro espinosa,,male,sondondo cabana,agrees_with_existing_gender,Rare,1890,witness,barbaro,2.0,marriage,espinosa,,True,True,True,False,True,False,11,True,False,False,True,5,high_context,unreviewed,,NAME-ENH-0097,professor_completed,professor_reviewed_rule_coverage,retained_professor_confirmed_match,confirmed_match,"witness in the first event; parent of baptized child in the second one. I would have perhaps doubted had it not been for the very rare name ""barbaro""",JCP,8/17/2026,
persona-11651,persona-44749,canonical_full_name_plus_spouse,1,2,2.0,False,True,name_enhancement_rescue_v2,,,,,,,,,,,,,False,,,,persona-11651||persona-44749,male,APAucará-LB-L006_B00329,raimundo sanchez,,male,aucara,agrees_with_existing_gender,Most common,1902,father,raymundo,128.0,baptism,sanches,juana avalos,male,APAucará-LE-L003_E157,raymundo sanchez,nicolas sanchez|faustina sararaura,unknown,pampamarca,name_evidence_only,Most common,1912,deceased,raymundo,128.0,burial,sanches,juana avalos,True,True,True,False,True,False,10,False,False,False,True,4,medium_context,unreviewed,,NAME-V2-0061,student_first_pass,canonical_full_name_plus_spouse,unseen_spouse_context_coverage,confirmed_match,Codex preliminary evidence review: canonical full name and spouse context agree; 10-year event gap; no conflicting gender evidence.,Codex preliminary evidence review,2026-08-19,
persona-11804,persona-45524,canonical_full_name_plus_spouse,1,2,2.0,False,True,name_enhancement_rescue_v2,,,,,,,,,,,,,False,,,,persona-11804||persona-45524,male,APAucará-LB-L006_B00368,mariano bellido,,male,aucara,agrees_with_existing_gender,Most common,1902,father,mariano,1657.0,baptism,vellido,monica aivar,male,APAucará-LE-L003_E383,mariano vellido,,male,aucara,agrees_with_existing_gender,Most common,1916,husband,mariano,1657.0,burial,vellido,monica aivar,True,True,True,False,True,True,14,False,False,False,True,5,high_context,unreviewed,,NAME-V2-0018,student_first_pass,additional_unseen_pair,fill_to_master_sample,confirmed_match,Codex preliminary evidence review: canonical full name and spouse context agree; 14-year event gap; no conflicting gender evidence.,Codex preliminary evidence review,2026-08-19,
persona-11845,persona-44948,canonical_full_name_plus_spouse,1,2,2.0,False,True,name_enhancement_rescue_v2,,,,,,,,,,,,,False,,,,persona-11845||persona-44948,female,APAucará-LB-L006_B00378,pascuala ccoyllo,,female,aucara,agrees_with_existing_gender,Most common,1902,mother,pascuala,152.0,baptism,ccoillo,sebastian urbano,female,APAucará-LE-L003_E213,pascuala ccoillo,bartolome ccoillo|simona urbano,female,mayo,agrees_with_existing_gender,Most common,1914,deceased,pascuala,152.0,burial,ccoillo,sebastian urbano,True,True,True,False,True,False,12,False,False,False,True,4,medium_context,unreviewed,,NAME-V2-0015,student_first_pass,additional_unseen_pair,fill_to_master_sample,confirmed_match,Codex preliminary evidence review: canonical full name and spouse context agree; 12-year event gap; no conflicting gender evidence.,Codex preliminary evidence review,2026-08-19,
persona-11945,persona-14315,canonical_full_name_plus_spouse,1,2,2.0,False,True,name_enhancement_rescue_v2,,,,,,,,,,,,,False,,,,persona-11945||persona-14315,male,APAucará-LB-L006_B00404,manuel ccoillo,,male,pampamarca santa iglesia viceparroquial,agrees_with_existing_gender,Most common,1902,father,manuel,1224.0,baptism,ccoillo,baltasara huarcaya,male,APAucará-LB-L005_B00540,manuel coyllo,,male,aucara,agrees_with_existing_gender,Most common,1892,father,manuel,1224.0,baptism,ccoillo,baltasara huarcaya,True,True,True,False,True,False,10,False,False,False,True,4,medium_context,unreviewed,,NAME-V2-0014,student_first_pass,additional_unseen_pair,fill_to_master_sample,confirmed_match,Codex preliminary evidence review: canonical full name and spouse context agree; 10-year event gap; no conflicting gender evidence.,Codex preliminary evidence review,2026-08-19,
persona-11980,persona-11981,canonical_full_name_rare,1,1,1.0,False,True,name_enhancement_rescue_v2,,,,,,,,,,,,,False,,,,persona-11980||persona-11981,male,APAucará-LB-L006_B00413,anesito andres condore,anesito condore|francisca tito,unknown,pampamarca santa iglesia viceparroquial,name_evidence_only,Rare,1902,baptized,anesito,2.0,baptism,condore,,male,APAucará-LB-L006_B00413,anesito condore,,unknown,pampamarca santa iglesia viceparroquial,name_evidence_only,Rare,1902,father,anesito,2.0,baptism,condore,francisca tito,True,True,True,False,False,True,0,True,False,False,True,4,medium_context,unreviewed,,NAME-ENH-0093,professor_completed,professor_reviewed_rule_coverage,retained_professor_confirmed_match,confirmed_match,"note this is comparing the same event, not 2 different ones",JCP,8/17/2026,
persona-12109,persona-24278,canonical_full_name_plus_spouse,1,2,2.0,False,True,name_enhancement_rescue_v2,,,,,,,,,,,,,False,,,,persona-12109||persona-24278,male,APAucará-LB-L006_B00445,mariano hualpatuero,,male,pampamarca,agrees_with_existing_gender,Most common,1902,father,mariano,1657.0,baptism,huallpatuero,benancia quispe,male,APAucará-LB-L004_B1868,mariano huallpatuero,,male,iglesia pampamarca,agrees_with_existing_gender,Most common,1887,father,mariano,1657.0,baptism,huallpatuero,benancia quispe,True,True,True,False,True,False,15,False,False,False,True,4,medium_context,unreviewed,,NAME-V2-0072,student_first_pass,canonical_full_name_plus_spouse,unseen_spouse_context_coverage,confirmed_match,Codex preliminary evidence review: canonical full name and spouse context agree; 15-year event gap; no conflicting gender evidence.,Codex preliminary evidence review,2026-08-19,
persona-12241,persona-14656,canonical_full_name_plus_spouse,1,2,2.0,False,True,name_enhancement_rescue_v2,,,,,,,,,,,,,False,,,,persona-12241||persona-14656,female,APAucará-LB-L005_B00020,nicolasa gonzales,,female,aucara,agrees_with_existing_gender,Most common,1889,mother,nicolasa,193.0,baptism,gonzales,laurencio ccanto,female,APAucará-LB-L005_B00625,nicolasa gonsales,,female,aucara,agrees_with_existing_gender,Most common,1893,mother,nicolasa,193.0,baptism,gonzales,laurencio ccanto,True,True,True,False,True,True,4,False,False,False,True,5,high_context,unreviewed,,NAME-V2-0041,student_first_pass,canonical_full_name_plus_spouse,unseen_spouse_context_coverage,confirmed_match,Codex preliminary evidence review: canonical full name and spouse context agree; 4-year event gap; no conflicting gender evidence.,Codex preliminary evidence review,2026-08-19,
persona-12770,persona-14091,canonical_full_name_plus_spouse,1,2,2.0,False,True,name_enhancement_rescue_v2,,,,,,,,,,,,,False,,,,persona-12770||persona-14091,male,APAucará-LB-L005_B00153,sebastian sanchez,,male,aucara,agrees_with_existing_gender,Most common,1890,father,sebastian,349.0,baptism,sanches,leocadia quispe,male,APAucará-LB-L005_B00484,sebastian sanches,,male,aucara,agrees_with_existing_gender,Most common,1892,father,sebastian,349.0,baptism,sanches,leocadia quispe,True,True,True,False,True,True,2,False,False,False,True,5,high_context,unreviewed,,NAME-V2-0025,student_first_pass,canonical_full_name_plus_spouse,unseen_spouse_context_coverage,confirmed_match,Codex preliminary evidence review: canonical full name and spouse context agree; 2-year event gap; no conflicting gender evidence.,Codex preliminary evidence review,2026-08-19,
persona-12770,persona-24195,canonical_full_name_plus_spouse,1,2,2.0,False,True,name_enhancement_rescue_v2,,,,,,,,,,,,,False,,,,persona-12770||persona-24195,male,APAucará-LB-L005_B00153,sebastian sanchez,,male,aucara,agrees_with_existing_gender,Most common,1890,father,sebastian,349.0,baptism,sanches,leocadia quispe,male,APAucará-LB-L004_B1847,sebastian sanches,,male,aucara,agrees_with_existing_gender,Most common,1887,father,sebastian,349.0,baptism,sanches,leocadia quispe,True,True,True,False,True,True,3,False,False,False,True,5,high_context,unreviewed,,NAME-V2-0006,student_first_pass,additional_unseen_pair,fill_to_master_sample,confirmed_match,Codex preliminary evidence review: canonical full name and spouse context agree; 3-year event gap; no conflicting gender evidence.,Codex preliminary evidence review,2026-08-19,
persona-12823,persona-15615,canonical_full_name_plus_spouse,1,2,2.0,False,True,name_enhancement_rescue_v2,,,,,,,,,,,,,False,,,,persona-12823||persona-15615,female,APAucará-LB-L005_B00166,venancia quispe,,female,aucara,agrees_with_existing_gender,Most common,1890,mother,benancia,64.0,baptism,quispe,mariano huallpatuero,female,APAucará-LB-L005_B00866,benancia quispe,,unknown,pampamarca,name_evidence_only,Most common,1894,mother,benancia,64.0,baptism,quispe,mariano huallpatuero,True,True,True,False,True,False,4,False,False,False,True,4,medium_context,unreviewed,,NAME-V2-0008,student_first_pass,additional_unseen_pair,fill_to_master_sample,confirmed_match,Codex preliminary evidence review: canonical full name and spouse context agree; 4-year event gap; no conflicting gender evidence.,Codex preliminary evidence review,2026-08-19,
persona-12850,persona-44803,canonical_full_name_plus_spouse,1,2,2.0,False,True,name_enhancement_rescue_v2,,,,,,,,,,,,,False,,,,persona-12850||persona-44803,male,APAucará-LB-L005_B00173,tomas sanches,,male,aucara,agrees_with_existing_gender,Most common,1890,father,tomas,268.0,baptism,sanches,cayetana quispe,male,APAucará-LE-L003_E172,tomas sanchez,pascual sanchez|maria arosta,male,pampamarca,agrees_with_existing_gender,Most common,1913,deceased,tomas,268.0,burial,sanches,cayetana quispe,True,True,True,False,True,False,23,False,False,False,True,4,medium_context,unreviewed,,NAME-V2-0080,student_first_pass,canonical_full_name_plus_spouse,unseen_spouse_context_coverage,confirmed_match,Codex preliminary evidence review: canonical full name and spouse context agree; 23-year event gap; no conflicting gender evidence.,Codex preliminary evidence review,2026-08-19,
persona-12982,persona-14172,canonical_full_name_plus_spouse,1,2,2.0,False,True,name_enhancement_rescue_v2,,,,,,,,,,,,,False,,,,persona-12982||persona-14172,female,APAucará-LB-L005_B00206,rosalia megia,,female,aucara,agrees_with_existing_gender,Most common,1890,mother,rosalia,85.0,baptism,mejia,benito osorio,female,APAucará-LB-L005_B00504,rosalia mejia,,female,aucara,agrees_with_existing_gender,Most common,1892,mother,rosalia,85.0,baptism,mejia,benito osorio,True,True,True,False,True,True,2,False,False,False,True,5,high_context,unreviewed,,NAME-V2-0026,student_first_pass,canonical_full_name_plus_spouse,unseen_spouse_context_coverage,confirmed_match,Codex preliminary evidence review: canonical full name and spouse context agree; 2-year event gap; no conflicting gender evidence.,Codex preliminary evidence review,2026-08-19,
persona-13066,persona-23454,canonical_full_name_plus_spouse,1,2,2.0,False,True,name_enhancement_rescue_v2,,,,,,,,,,,,,False,,,,persona-13066||persona-23454,female,APAucará-LB-L005_B00227,francisca sanches,,female,aucara,agrees_with_existing_gender,Most common,1890,mother,francisca,575.0,baptism,sanches,pedro quispe,female,APAucará-LB-L004_B1658,francisca sanchez,,female,aucara,agrees_with_existing_gender,Most common,1884,mother,francisca,575.0,baptism,sanches,pedro quispe,True,True,True,False,True,True,6,False,False,False,True,5,high_context,unreviewed,,NAME-V2-0011,student_first_pass,additional_unseen_pair,fill_to_master_sample,confirmed_match,Codex preliminary evidence review: canonical full name and spouse context agree; 6-year event gap; no conflicting gender evidence.,Codex preliminary evidence review,2026-08-19,
persona-13584,persona-39313,marriage_godparent_canonical_full_name_plus_place,1,1,1.0,False,True,name_enhancement_rescue_v2,,,,,,,,,,,,,False,,,,persona-13584||persona-39313,female,APAucará-LB-L005_B00357,constansa castilla,,unknown,aucara,name_evidence_only,Common,1891,mother,constancia,7.0,baptism,castilla,tuvias gutierres,female,APAucará-LM-L003_M254,constanza castilla,,female,aucara,agrees_with_existing_gender,Common,1896,godparent,constancia,7.0,marriage,castilla,,True,True,True,False,True,True,5,False,False,False,True,5,high_context,unreviewed,,NAME-ENH-0096,professor_completed,professor_reviewed_rule_coverage,retained_professor_confirmed_match,confirmed_match,another cool match. Constanza is the mother of a baptized child in 1891; in 1896 she is the godmother in the wedding. The name is rare enough for her to be two different individuals,JCP,8/17/2026,
persona-13620,persona-15319,canonical_full_name_plus_spouse,1,2,2.0,False,True,name_enhancement_rescue_v2,,,,,,,,,,,,,False,,,,persona-13620||persona-15319,female,APAucará-LB-L005_B00366,venancia quispe,,female,aucara,agrees_with_existing_gender,Most common,1891,mother,benancia,64.0,baptism,quispe,mariano huallpatuero,female,APAucará-LB-L005_B00792,benancia quispe,,unknown,aucara,name_evidence_only,Most common,1894,mother,benancia,64.0,baptism,quispe,mariano huallpatuero,True,True,True,False,True,True,3,False,False,False,True,5,high_context,unreviewed,,NAME-V2-0007,student_first_pass,additional_unseen_pair,fill_to_master_sample,confirmed_match,Codex preliminary evidence review: canonical full name and spouse context agree; 3-year event gap; no conflicting gender evidence.,Codex preliminary evidence review,2026-08-19,
persona-13719,persona-24844,canonical_full_name_plus_spouse,1,2,2.0,False,True,name_enhancement_rescue_v2,,,,,,,,,,,,,False,,,,persona-13719||persona-24844,male,APAucará-LB-L005_B00391,climaco cavallero,,unknown,aucara,name_evidence_only,Most common,1891,father,climaco,50.0,baptism,caballero,eduarda rojas,male,APAucará-LB-L004_B2011,climaco caballero,,unknown,aucara,name_evidence_only,Most common,1888,father,climaco,50.0,baptism,caballero,eduarda rojas,True,True,True,False,True,True,3,False,False,False,True,5,high_context,unreviewed,,NAME-V2-0034,student_first_pass,canonical_full_name_plus_spouse,unseen_spouse_context_coverage,confirmed_match,Codex preliminary evidence review: canonical full name and spouse context agree; 3-year event gap; no conflicting gender evidence.,Codex preliminary evidence review,2026-08-19,
persona-13759,persona-22783,canonical_full_name_plus_spouse,1,2,2.0,False,True,name_enhancement_rescue_v2,,,,,,,,,,,,,False,,,,persona-13759||persona-22783,male,APAucará-LB-L005_B00401,felis coyllo,,unknown,aucara,name_evidence_only,Most common,1891,father,feliz,161.0,baptism,ccoillo,juana quispe,male,APAucará-LB-L004_B1489,feliz ccoyllo,,male,,agrees_with_existing_gender,Most common,1883,father,feliz,161.0,baptism,ccoillo,juana quispe,True,True,True,False,True,False,8,False,False,False,True,4,medium_context,unreviewed,,NAME-V2-0013,student_first_pass,additional_unseen_pair,fill_to_master_sample,confirmed_match,Codex preliminary evidence review: canonical full name and spouse context agree; 8-year event gap; no conflicting gender evidence.,Codex preliminary evidence review,2026-08-19,
persona-138,persona-4401,canonical_full_name_plus_spouse,1,2,2.0,False,True,name_enhancement_rescue_v2,,,,,,,,,,,,,False,,,,persona-138||persona-4401,male,APAucará-LB-L001_B037,juan sanchez,,male,,agrees_with_existing_gender,Most common,1791,father,juan,976.0,baptism,sanches,ysabel barrientos,male,APAucará-LB-L001_B1134,juan sanches,,male,pampamarca,agrees_with_existing_gender,Most common,1807,father,juan,976.0,baptism,sanches,ysabel barrientos,True,True,True,False,True,False,16,False,False,False,True,4,medium_context,unreviewed,,NAME-V2-0075,student_first_pass,canonical_full_name_plus_spouse,unseen_spouse_context_coverage,confirmed_match,Codex preliminary evidence review: canonical full name and spouse context agree; 16-year event gap; no conflicting gender evidence.,Codex preliminary evidence review,2026-08-19,
persona-1395,persona-634,canonical_full_name_plus_spouse || canonical_full_name_rare,2,2,3.0,False,True,name_enhancement_rescue_v2,,,,,,,,,,,,,False,,,,persona-1395||persona-634,male,APAucará-LB-L001_B363,maximino chinchay,,male,,agrees_with_existing_gender,Rare,1794,father,maximino,2.0,baptism,chinchay,petrona paucar,male,APAucará-LB-L001_B167,maximino chinchai,,male,,agrees_with_existing_gender,Rare,1792,father,maximino,2.0,baptism,chinchay,petrona paucar,True,True,True,False,True,False,2,True,False,False,True,5,high_context,unreviewed,,NAME-ENH-0100,professor_completed,professor_reviewed_rule_coverage,retained_professor_confirmed_match,confirmed_match,,JCP,8/17/2026,
persona-14064,persona-37216,canonical_full_name_plus_spouse,1,2,2.0,False,True,name_enhancement_rescue_v2,,,,,,,,,,,,,False,,,,persona-14064||persona-37216,female,APAucará-LB-L005_B00477,lorensa ccanto,,unknown,aucara,name_evidence_only,Most common,1892,mother,lorenza,157.0,baptism,ccanto,felipe cucho,female,APAucará-LM-L003_M048,lorenza ccanto,juan ccanto|petronila leon,female,aucara,agrees_with_existing_gender,Most common,1888,wife,lorenza,157.0,marriage,ccanto,felipe cucho,True,True,True,False,True,True,4,False,False,False,True,5,high_context,unreviewed,,NAME-V2-0042,student_first_pass,canonical_full_name_plus_spouse,unseen_spouse_context_coverage,confirmed_match,Codex preliminary evidence review: canonical full name and spouse context agree; 4-year event gap; no conflicting gender evidence.,Codex preliminary evidence review,2026-08-19,
persona-14215,persona-15881,canonical_full_name_plus_spouse,1,2,2.0,False,True,name_enhancement_rescue_v2,,,,,,,,,,,,,False,,,,persona-14215||persona-15881,male,APAucará-LB-L005_B00515,esteban ramos,,male,aucara,agrees_with_existing_gender,Most common,1892,father,estevan,222.0,baptism,ramos,josefa chinchay,male,APAucará-LB-L005_B00933,estevan ramos,,unknown,aucara,name_evidence_only,Most common,1894,father,estevan,222.0,baptism,ramos,josefa chinchay,True,True,True,False,True,True,2,False,False,False,True,5,high_context,unreviewed,,NAME-V2-0001,student_first_pass,additional_unseen_pair,fill_to_master_sample,confirmed_match,Codex preliminary evidence review: canonical full name and spouse context agree; 2-year event gap; no conflicting gender evidence.,Codex preliminary evidence review,2026-08-19,
persona-14391,persona-23639,canonical_full_name_plus_spouse,1,2,2.0,False,True,name_enhancement_rescue_v2,,,,,,,,,,,,,False,,,,persona-14391||persona-23639,male,APAucará-LB-L005_B00559,manuel chaves,,male,aucara,agrees_with_existing_gender,Most common,1892,father,manuel,1224.0,baptism,chaves,felipa huamani,male,APAucará-LB-L004_B1706,manuel chavez,,male,aucara,agrees_with_existing_gender,Most common,1884,father,manuel,1224.0,baptism,chaves,felipa huamani,True,True,True,False,True,True,8,False,False,False,True,5,high_context,unreviewed,,NAME-V2-0055,student_first_pass,canonical_full_name_plus_spouse,unseen_spouse_context_coverage,confirmed_match,Codex preliminary evidence review: canonical full name and spouse context agree; 8-year event gap; no conflicting gender evidence.,Codex preliminary evidence review,2026-08-19,
persona-14638,persona-32668,canonical_full_name_plus_parent_pair,1,2,2.0,False,True,name_enhancement_rescue_v2,,,,,,,,,,,,,False,,,,persona-14638||persona-32668,male,APAucará-LB-L005_B00621,damyan huamani,patricio huamani|candelaria cucho,male,aucara,agrees_with_existing_gender,Most common,1893,baptized,damian,104.0,baptism,huamani,,male,APAucará-LM-L004_M289,damian huamani,patricio huamani|candelaria cucho,male,chacralla,agrees_with_existing_gender,Most common,1919,husband,damian,104.0,marriage,huamani,maria avalos,True,True,True,True,False,False,26,False,False,False,True,4,medium_context,unreviewed,,NAME-ENH-0031,professor_completed,professor_reviewed_rule_coverage,retained_professor_confirmed_match,confirmed_match,,JCP,8/17/2026,
persona-15271,persona-24905,canonical_full_name_plus_spouse,1,2,2.0,False,True,name_enhancement_rescue_v2,,,,,,,,,,,,,False,,,,persona-15271||persona-24905,female,APAucará-LB-L005_B00780,luisa diaz,,female,aucara,agrees_with_existing_gender,Most common,1894,mother,luisa,196.0,baptism,dias,tiburcio ccanto,female,APAucará-LB-L004_B2026,luisa dias,,female,pampamarca,agrees_with_existing_gender,Most common,1888,mother,luisa,196.0,baptism,dias,tiburcio ccanto,True,True,True,False,True,False,6,False,False,False,True,4,medium_context,unreviewed,,NAME-V2-0012,student_first_pass,additional_unseen_pair,fill_to_master_sample,confirmed_match,Codex preliminary evidence review: canonical full name and spouse context agree; 6-year event gap; no conflicting gender evidence.,Codex preliminary evidence review,2026-08-19,
persona-15442,persona-23952,canonical_full_name_plus_spouse,1,2,2.0,False,True,name_enhancement_rescue_v2,,,,,,,,,,,,,False,,,,persona-15442||persona-23952,male,APAucará-LB-L005_B00823,luis huaranca,,male,aucara,agrees_with_existing_gender,Most common,1894,father,luis,247.0,baptism,huarancca,francisca ochoa,male,APAucará-LB-L004_B1786,luis huarancca,,male,aucara,agrees_with_existing_gender,Most common,1885,father,luis,247.0,baptism,huarancca,francisca ochoa,True,True,True,False,True,True,9,False,False,False,True,5,high_context,unreviewed,,NAME-V2-0059,student_first_pass,canonical_full_name_plus_spouse,unseen_spouse_context_coverage,confirmed_match,Codex preliminary evidence review: canonical full name and spouse context agree; 9-year event gap; no conflicting gender evidence.,Codex preliminary evidence review,2026-08-19,
persona-15458,persona-21203,canonical_full_name_plus_spouse,1,2,2.0,False,True,name_enhancement_rescue_v2,,,,,,,,,,,,,False,,,,persona-15458||persona-21203,male,APAucará-LB-L005_B00827,yldefonso sanches,,unknown,aucara,name_evidence_only,Most common,1894,father,yldefonso,157.0,baptism,sanches,juana huallpatuero,male,APAucará-LB-L003_B1089,ildefonso sanches,,male,aucara,agrees_with_existing_gender,Most common,1869,father,yldefonso,157.0,baptism,sanches,juana huallpatuero,True,True,True,False,True,True,25,False,False,False,True,5,high_context,unreviewed,,NAME-V2-0081,student_first_pass,canonical_full_name_plus_spouse,unseen_spouse_context_coverage,confirmed_match,Codex preliminary evidence review: canonical full name and spouse context agree; 25-year event gap; no conflicting gender evidence.,Codex preliminary evidence review,2026-08-19,
persona-15662,persona-24195,canonical_full_name_plus_spouse,1,2,2.0,False,True,name_enhancement_rescue_v2,,,,,,,,,,,,,False,,,,persona-15662||persona-24195,male,APAucará-LB-L005_B00878,sebastian sanchez,,male,pampamarca,agrees_with_existing_gender,Most common,1894,father,sebastian,349.0,baptism,sanches,leocadia quispe,male,APAucará-LB-L004_B1847,sebastian sanches,,male,aucara,agrees_with_existing_gender,Most common,1887,father,sebastian,349.0,baptism,sanches,leocadia quispe,True,True,True,False,True,False,7,False,False,False,True,4,medium_context,unreviewed,,NAME-V2-0050,student_first_pass,canonical_full_name_plus_spouse,unseen_spouse_context_coverage,confirmed_match,Codex preliminary evidence review: canonical full name and spouse context agree; 7-year event gap; no conflicting gender evidence.,Codex preliminary evidence review,2026-08-19,
persona-16730,persona-38847,canonical_full_name_plus_spouse,1,2,2.0,False,True,name_enhancement_rescue_v2,,,,,,,,,,,,,False,,,,persona-16730||persona-38847,female,APAucará-LB-L005_B01145,norberta ramos,,female,aucara,agrees_with_existing_gender,Most common,1896,mother,norverta,123.0,baptism,ramos,nicacio gabilan,female,APAucará-LM-L003_M209,norverta ramos,segundo ramos|josefa unto,unknown,aucara,name_evidence_only,Most common,1895,wife,norverta,123.0,marriage,ramos,nicacio gabilan,True,True,True,False,True,True,1,False,False,False,True,5,high_context,unreviewed,,NAME-V2-0022,student_first_pass,canonical_full_name_plus_spouse,unseen_spouse_context_coverage,confirmed_match,Codex preliminary evidence review: canonical full name and spouse context agree; 1-year event gap; no conflicting gender evidence.,Codex preliminary evidence review,2026-08-19,
persona-16872,persona-43715,canonical_full_name_plus_spouse,1,2,2.0,False,True,name_enhancement_rescue_v2,,,,,,,,,,,,,False,,,,persona-16872||persona-43715,male,APAucará-LB-L005_B01181,fuljencio barrientos,,unknown,pampamarca santa iglesia viceparroquial,name_evidence_only,Common,1896,father,fulgencio,38.0,baptism,barrientos,antonia cucho,male,APAucará-LE-L002_E122,fulgencio barrientos,,male,,agrees_with_existing_gender,Common,1900,deceased,fulgencio,38.0,burial,barrientos,antonia cucho,True,True,True,False,True,False,4,False,False,False,True,4,medium_context,unreviewed,,NAME-V2-0009,student_first_pass,additional_unseen_pair,fill_to_master_sample,confirmed_match,Codex preliminary evidence review: canonical full name and spouse context agree; 4-year event gap; no conflicting gender evidence.,Codex preliminary evidence review,2026-08-19,
persona-17006,persona-18714,canonical_full_name_plus_spouse,1,2,2.0,False,True,name_enhancement_rescue_v2,,,,,,,,,,,,,False,,,,persona-17006||persona-18714,male,APAucará-LB-L003_B0030,pascual chinchay,,male,aucara,agrees_with_existing_gender,Most common,1847,father,pascual,196.0,baptism,chinchay,carmen auccaci,male,APAucará-LB-L003_B0464,pascual chinchai,,male,aucara,agrees_with_existing_gender,Most common,1855,father,pascual,196.0,baptism,chinchay,carmen auccaci,True,True,True,False,True,True,8,False,False,False,True,5,high_context,unreviewed,,NAME-V2-0056,student_first_pass,canonical_full_name_plus_spouse,unseen_spouse_context_coverage,confirmed_match,Codex preliminary evidence review: canonical full name and spouse context agree; 8-year event gap; no conflicting gender evidence.,Codex preliminary evidence review,2026-08-19,
persona-17059,persona-19637,canonical_full_name_plus_spouse,1,2,2.0,False,True,name_enhancement_rescue_v2,,,,,,,,,,,,,False,,,,persona-17059||persona-19637,male,APAucará-LB-L003_B0044,manuel espinoza,,male,aucara,agrees_with_existing_gender,Most common,1847,father,manuel,1224.0,baptism,espinosa,maria huamani,male,APAucará-LB-L003_B0696,manuel espinosa,,male,aucara,agrees_with_existing_gender,Most common,1865,father,manuel,1224.0,baptism,espinosa,maria huamani,True,True,True,False,True,True,18,False,False,False,True,5,high_context,unreviewed,,NAME-V2-0076,student_first_pass,canonical_full_name_plus_spouse,unseen_spouse_context_coverage,confirmed_match,Codex preliminary evidence review: canonical full name and spouse context agree; 18-year event gap; no conflicting gender evidence.,Codex preliminary evidence review,2026-08-19,
persona-17059,persona-42739,canonical_full_name_plus_spouse,1,2,2.0,False,True,name_enhancement_rescue_v2,,,,,,,,,,,,,False,,,,persona-17059||persona-42739,male,APAucará-LB-L003_B0044,manuel espinoza,,male,aucara,agrees_with_existing_gender,Most common,1847,father,manuel,1224.0,baptism,espinosa,maria huamani,male,APAucará-LD-L001_E490,manuel espinosa,,male,aucara,agrees_with_existing_gender,Most common,1883,deceased,manuel,1224.0,burial,espinosa,maria huamani,True,True,True,False,True,True,36,False,False,False,True,5,high_context,unreviewed,,NAME-V2-0021,student_first_pass,additional_unseen_pair,fill_to_master_sample,confirmed_match,Codex preliminary evidence review: canonical full name and spouse context agree; 36-year event gap; no conflicting gender evidence.,Codex preliminary evidence review,2026-08-19,
persona-17199,persona-27442,canonical_full_name_plus_spouse,1,2,2.0,False,True,name_enhancement_rescue_v2,,,,,,,,,,,,,False,,,,persona-17199||persona-27442,female,APAucará-LB-L003_B0078,isabel condori,,female,aucara,agrees_with_existing_gender,Most common,1848,mother,ysabel,255.0,baptism,condori,pascual cruz,female,APAucará-LM-L001_M270,ysavel condori,,unknown,aucara,name_evidence_only,Most common,1829,wife,ysabel,255.0,marriage,condori,pascual cruz,True,True,True,False,True,True,19,False,False,False,True,5,high_context,unreviewed,,NAME-V2-0077,student_first_pass,canonical_full_name_plus_spouse,unseen_spouse_context_coverage,confirmed_match,Codex preliminary evidence review: canonical full name and spouse context agree; 19-year event gap; no conflicting gender evidence.,Codex preliminary evidence review,2026-08-19,
persona-17364,persona-21556,canonical_full_name_plus_spouse,1,2,2.0,False,True,name_enhancement_rescue_v2,,,,,,,,,,,,,False,,,,persona-17364||persona-21556,female,APAucará-LB-L003_B0120,gabina asebedo,,female,aucara,agrees_with_existing_gender,Most common,1848,mother,gavina,68.0,baptism,asebedo,calisto fernandez,female,APAucará-LB-L003_B1178,gabina azevedo,,female,aucara,agrees_with_existing_gender,Most common,1870,mother,gavina,68.0,baptism,asebedo,calisto fernandez,True,True,True,False,True,True,22,False,False,False,True,5,high_context,unreviewed,,NAME-V2-0079,student_first_pass,canonical_full_name_plus_spouse,unseen_spouse_context_coverage,confirmed_match,Codex preliminary evidence review: canonical full name and spouse context agree; 22-year event gap; no conflicting gender evidence.,Codex preliminary evidence review,2026-08-19,
persona-17508,persona-28194,canonical_full_name_plus_spouse,1,2,2.0,False,True,name_enhancement_rescue_v2,,,,,,,,,,,,,False,,,,persona-17508||persona-28194,female,APAucará-LB-L003_B0156,francisca huachacca,,female,aucara,agrees_with_existing_gender,Most common,1849,mother,francisca,575.0,baptism,huachaca,pascual huamani,female,APAucará-LM-L001_M357,francisca huachaca,silvestre huachaca|nicolasa hacha,female,ishua,agrees_with_existing_gender,Most common,1835,wife,francisca,575.0,marriage,huachaca,pascual huamani,True,True,True,False,True,False,14,False,False,False,True,4,medium_context,unreviewed,,NAME-V2-0068,student_first_pass,canonical_full_name_plus_spouse,unseen_spouse_context_coverage,confirmed_match,Codex preliminary evidence review: canonical full name and spouse context agree; 14-year event gap; no conflicting gender evidence.,Codex preliminary evidence review,2026-08-19,
persona-17623,persona-28989,canonical_full_name_plus_spouse,1,2,2.0,False,True,name_enhancement_rescue_v2,,,,,,,,,,,,,False,,,,persona-17623||persona-28989,male,APAucará-LB-L003_B0187,manuel misajel,,male,aucara,agrees_with_existing_gender,Most common,1849,father,manuel,1224.0,baptism,misajel,ysidora ramos,male,APAucará-LM-L001_M435,manuel misagel,lorenzo misagel|paula coyllo,male,chacralla,agrees_with_existing_gender,Most common,1846,husband,manuel,1224.0,marriage,misajel,ysidora ramos,True,True,True,False,True,False,3,False,False,False,True,4,medium_context,unreviewed,,NAME-V2-0035,student_first_pass,canonical_full_name_plus_spouse,unseen_spouse_context_coverage,confirmed_match,Codex preliminary evidence review: canonical full name and spouse context agree; 3-year event gap; no conflicting gender evidence.,Codex preliminary evidence review,2026-08-19,
persona-17774,persona-29134,canonical_full_name_plus_spouse,1,2,2.0,False,True,name_enhancement_rescue_v2,,,,,,,,,,,,,False,,,,persona-17774||persona-29134,male,APAucará-LB-L003_B0226,blaz espinosa,,unknown,aucara,name_evidence_only,Most common,1850,father,blas,160.0,baptism,espinosa,francisca huallpatuiro,male,APAucará-LM-L001_M449,blas espinosa,,male,pampamarca santa iglesia,agrees_with_existing_gender,Most common,1843,husband,blas,160.0,marriage,espinosa,francisca huallpatuiro,True,True,True,False,True,False,7,False,False,False,True,4,medium_context,unreviewed,,NAME-V2-0051,student_first_pass,canonical_full_name_plus_spouse,unseen_spouse_context_coverage,confirmed_match,Codex preliminary evidence review: canonical full name and spouse context agree; 7-year event gap; no conflicting gender evidence.,Codex preliminary evidence review,2026-08-19,
persona-18246,persona-35289,canonical_full_name_plus_parent_pair,1,2,2.0,False,True,name_enhancement_rescue_v2,,,,,,,,,,,,,False,,,,persona-18246||persona-35289,female,APAucará-LB-L003_B0345,brijida arango,jose arango|maria huamani,unknown,aucara,name_evidence_only,Most common,1852,baptized,brijida,147.0,baptism,arango,,female,APAucará-LM-L002_M187,brigida arango,jose arango|maria huamani,female,aucara,agrees_with_existing_gender,Most common,1869,wife,brijida,147.0,marriage,arango,andres javier,True,True,True,True,False,True,17,False,False,False,True,5,high_context,unreviewed,,NAME-ENH-0026,professor_completed,professor_reviewed_rule_coverage,retained_professor_confirmed_match,confirmed_match,,JCP,8/17/2026,
persona-18527,persona-21528,canonical_full_name_plus_spouse,1,2,2.0,False,True,name_enhancement_rescue_v2,,,,,,,,,,,,,False,,,,persona-18527||persona-21528,female,APAucará-LB-L003_B0416,jocefa barrientos,,unknown,aucara,name_evidence_only,Most common,1854,mother,josefa,462.0,baptism,barrientos,juan llamocca,female,APAucará-LB-L003_B1171,josefa barrientos,,female,aucara,agrees_with_existing_gender,Most common,1870,mother,josefa,462.0,baptism,barrientos,juan llamocca,True,True,True,False,True,True,16,False,False,False,True,5,high_context,unreviewed,,NAME-V2-0020,student_first_pass,additional_unseen_pair,fill_to_master_sample,confirmed_match,Codex preliminary evidence review: canonical full name and spouse context agree; 16-year event gap; no conflicting gender evidence.,Codex preliminary evidence review,2026-08-19,
persona-18866,persona-20508,canonical_full_name_plus_spouse,1,2,2.0,False,True,name_enhancement_rescue_v2,,,,,,,,,,,,,False,,,,persona-18866||persona-20508,male,APAucará-LB-L003_B0503,enrrique canto,,unknown,aucara,name_evidence_only,Most common,1856,father,enrique,50.0,baptism,ccanto,santona cucho,male,APAucará-LB-L003_B0914,enrique ccanto,,male,aucara,agrees_with_existing_gender,Most common,1867,father,enrique,50.0,baptism,ccanto,santona cucho,True,True,True,False,True,True,11,False,False,False,True,5,high_context,unreviewed,,NAME-V2-0063,student_first_pass,canonical_full_name_plus_spouse,unseen_spouse_context_coverage,confirmed_match,Codex preliminary evidence review: canonical full name and spouse context agree; 11-year event gap; no conflicting gender evidence.,Codex preliminary evidence review,2026-08-19,
persona-18923,persona-21834,canonical_full_name_plus_spouse,1,2,2.0,False,True,name_enhancement_rescue_v2,,,,,,,,,,,,,False,,,,persona-18923||persona-21834,female,APAucará-LB-L003_B0517,micaela perez,,female,aucara,agrees_with_existing_gender,Most common,1857,mother,micaela,130.0,baptism,peres,miguel cucho,female,APAucará-LB-L003_B1249,micaela peres,,female,aucara,agrees_with_existing_gender,Most common,1871,mother,micaela,130.0,baptism,peres,miguel cucho,True,True,True,False,True,True,14,False,False,False,True,5,high_context,unreviewed,,NAME-V2-0069,student_first_pass,canonical_full_name_plus_spouse,unseen_spouse_context_coverage,confirmed_match,Codex preliminary evidence review: canonical full name and spouse context agree; 14-year event gap; no conflicting gender evidence.,Codex preliminary evidence review,2026-08-19,
persona-19105,persona-42353,canonical_full_name_plus_spouse,1,2,2.0,False,True,name_enhancement_rescue_v2,,,,,,,,,,,,,False,,,,persona-19105||persona-42353,male,APAucará-LB-L003_B0563,asencio serrano,,unknown,aucara,name_evidence_only,Most common,1858,father,asencio,167.0,baptism,serrano,atanacia ccanto,male,APAucará-LD-L001_E276,asencio cerrano,,unknown,aucara,name_evidence_only,Most common,1871,deceased,asencio,167.0,burial,serrano,atanacia ccanto,True,True,True,False,True,True,13,False,False,False,True,5,high_context,unreviewed,,NAME-V2-0017,student_first_pass,additional_unseen_pair,fill_to_master_sample,confirmed_match,Codex preliminary evidence review: canonical full name and spouse context agree; 13-year event gap; no conflicting gender evidence.,Codex preliminary evidence review,2026-08-19,
persona-19142,persona-20165,canonical_full_name_plus_spouse,1,2,2.0,False,True,name_enhancement_rescue_v2,,,,,,,,,,,,,False,,,,persona-19142||persona-20165,female,APAucará-LB-L003_B0572,antonia urbano,,female,aucara,agrees_with_existing_gender,Most common,1858,mother,antonia,229.0,baptism,urbano,melchor quispe,female,APAucará-LB-L003_B0828,antonia urvano,,female,aucara,agrees_with_existing_gender,Most common,1866,mother,antonia,229.0,baptism,urbano,melchor quispe,True,True,True,False,True,True,8,False,False,False,True,5,high_context,unreviewed,,NAME-V2-0057,student_first_pass,canonical_full_name_plus_spouse,unseen_spouse_context_coverage,confirmed_match,Codex preliminary evidence review: canonical full name and spouse context agree; 8-year event gap; no conflicting gender evidence.,Codex preliminary evidence review,2026-08-19,
persona-1938,persona-940,canonical_full_name_plus_spouse,1,2,2.0,False,True,name_enhancement_rescue_v2,,,,,,,,,,,,,False,,,,persona-1938||persona-940,male,APAucará-LB-L001_B503,ignacio canto,,male,,agrees_with_existing_gender,Most common,1795,father,ygnacio,202.0,baptism,ccanto,gregoria gomes,male,APAucará-LB-L001_B246,ygnacio ccanto,,unknown,,name_evidence_only,Most common,1793,father,ygnacio,202.0,baptism,ccanto,gregoria gomes,True,True,True,False,True,False,2,False,False,False,True,4,medium_context,unreviewed,,NAME-V2-0027,student_first_pass,canonical_full_name_plus_spouse,unseen_spouse_context_coverage,confirmed_match,Codex preliminary evidence review: canonical full name and spouse context agree; 2-year event gap; no conflicting gender evidence.,Codex preliminary evidence review,2026-08-19,
persona-19870,persona-21136,canonical_full_name_plus_spouse,1,2,2.0,False,True,name_enhancement_rescue_v2,,,,,,,,,,,,,False,,,,persona-19870||persona-21136,female,APAucará-LB-L003_B0754,micaela peres,,female,aucara,agrees_with_existing_gender,Most common,1865,mother,micaela,130.0,baptism,peres,miguel cucho,female,APAucará-LB-L003_B1072,micaela perez,,female,aucara,agrees_with_existing_gender,Most common,1869,mother,micaela,130.0,baptism,peres,miguel cucho,True,True,True,False,True,True,4,False,False,False,True,5,high_context,unreviewed,,NAME-V2-0043,student_first_pass,canonical_full_name_plus_spouse,unseen_spouse_context_coverage,confirmed_match,Codex preliminary evidence review: canonical full name and spouse context agree; 4-year event gap; no conflicting gender evidence.,Codex preliminary evidence review,2026-08-19,
persona-19925,persona-20817,canonical_full_name_plus_spouse,1,2,2.0,False,True,name_enhancement_rescue_v2,,,,,,,,,,,,,False,,,,persona-19925||persona-20817,male,APAucará-LB-L003_B0768,pascual cchinchay,,male,aucara,agrees_with_existing_gender,Most common,1866,father,pascual,196.0,baptism,chinchay,blacina sanches,male,APAucará-LB-L003_B0992,pascual chinchay,,male,aucara,agrees_with_existing_gender,Most common,1868,father,pascual,196.0,baptism,chinchay,blacina sanches,True,True,True,False,True,True,2,False,False,False,True,5,high_context,unreviewed,,NAME-V2-0028,student_first_pass,canonical_full_name_plus_spouse,unseen_spouse_context_coverage,confirmed_match,Codex preliminary evidence review: canonical full name and spouse context agree; 2-year event gap; no conflicting gender evidence.,Codex preliminary evidence review,2026-08-19,
persona-19937,persona-22124,canonical_full_name_plus_spouse,1,2,2.0,False,True,name_enhancement_rescue_v2,,,,,,,,,,,,,False,,,,persona-19937||persona-22124,male,APAucará-LB-L003_B0771,feliz quispe,,male,aucara,agrees_with_existing_gender,Most common,1866,father,feliz,161.0,baptism,quispe,manuela sanches,male,APAucará-LB-L003_B1322,feliz quizpe,,male,aucara,agrees_with_existing_gender,Most common,1871,father,feliz,161.0,baptism,quispe,manuela sanches,True,True,True,False,True,True,5,False,False,False,True,5,high_context,unreviewed,,NAME-V2-0045,student_first_pass,canonical_full_name_plus_spouse,unseen_spouse_context_coverage,confirmed_match,Codex preliminary evidence review: canonical full name and spouse context agree; 5-year event gap; no conflicting gender evidence.,Codex preliminary evidence review,2026-08-19,
persona-20233,persona-34403,canonical_full_name_plus_spouse,1,2,2.0,False,True,name_enhancement_rescue_v2,,,,,,,,,,,,,False,,,,persona-20233||persona-34403,female,APAucará-LB-L003_B0845,maria urvano,,female,aucara,agrees_with_existing_gender,Most common,1866,mother,maria,1772.0,baptism,urbano,marcelo huamani,female,APAucará-LM-L002_M089,maria urbano,crisostomo urbano|victoria asto,female,aucara,agrees_with_existing_gender,Most common,1859,wife,maria,1772.0,marriage,urbano,marcelo huamani,True,True,True,False,True,True,7,False,False,False,True,5,high_context,unreviewed,,NAME-V2-0052,student_first_pass,canonical_full_name_plus_spouse,unseen_spouse_context_coverage,confirmed_match,Codex preliminary evidence review: canonical full name and spouse context agree; 7-year event gap; no conflicting gender evidence.,Codex preliminary evidence review,2026-08-19,
persona-20792,persona-37452,canonical_full_name_plus_parent_pair,1,2,2.0,False,True,name_enhancement_rescue_v2,,,,,,,,,,,,,False,,,,persona-20792||persona-37452,female,APAucará-LB-L003_B0986,gervacia mejia,manuel mejia|josefa espinosa,unknown,aucara,name_evidence_only,Common,1868,baptized,gervacia,22.0,baptism,mejia,,female,APAucará-LM-L003_M070,jervacia mejia,manuel mejia|josefa espinosa,unknown,aucara,name_evidence_only,Common,1890,wife,gervacia,22.0,marriage,mejia,mariano echevarria,True,True,True,True,False,True,22,False,False,False,True,5,high_context,unreviewed,,NAME-ENH-0030,professor_completed,professor_reviewed_rule_coverage,retained_professor_confirmed_match,confirmed_match,"groom and bride classified as ""Spaniards"" (see mariano ychavarria above). Very rare. Same couple as above",JCP,8/17/2026,
persona-21391,persona-39121,canonical_full_name_plus_parent_pair,1,2,2.0,False,True,name_enhancement_rescue_v2,,,,,,,,,,,,,False,,,,persona-21391||persona-39121,female,APAucará-LB-L003_B1137,eusevia cucho,mariano cucho|brijida suyca,unknown,aucara,name_evidence_only,Most common,1869,baptized,eusebia,169.0,baptism,cucho,,female,APAucará-LM-L003_M235,eusebia cucho,mariano cucho|brijida suyca,female,chacralla iglesia vice parroquial,agrees_with_existing_gender,Most common,1896,wife,eusebia,169.0,marriage,cucho,gregorio ramos,True,True,True,True,False,False,27,False,False,False,True,4,medium_context,unreviewed,,NAME-ENH-0032,professor_completed,professor_reviewed_rule_coverage,retained_professor_confirmed_match,confirmed_match,,JCP,8/17/2026,
persona-21563,persona-22970,canonical_full_name_plus_spouse,1,2,2.0,False,True,name_enhancement_rescue_v2,,,,,,,,,,,,,False,,,,persona-21563||persona-22970,male,APAucará-LB-L003_B1180,nicolas cerrano,,male,aucara,agrees_with_existing_gender,Most common,1870,father,nicolas,228.0,baptism,serrano,juana urbano,male,APAucará-LB-L004_B1536,nicolas serrano,,male,viceparroquia pampamarca,agrees_with_existing_gender,Most common,1883,father,nicolas,228.0,baptism,serrano,juana urbano,True,True,True,False,True,False,13,False,False,False,True,4,medium_context,unreviewed,,NAME-V2-0067,student_first_pass,canonical_full_name_plus_spouse,unseen_spouse_context_coverage,confirmed_match,Codex preliminary evidence review: canonical full name and spouse context agree; 13-year event gap; no conflicting gender evidence.,Codex preliminary evidence review,2026-08-19,
persona-21780,persona-21888,canonical_full_name_plus_parent_pair,1,2,2.0,False,True,name_enhancement_rescue_v2,,,,,,,,,,,,,False,,,,persona-21780||persona-21888,female,APAucará-LB-L003_B1236,inosencia ccoyllo,juan ccoyllo|benita cucho,unknown,aucara,name_evidence_only,Most common,1871,baptized,ynocencia,68.0,baptism,ccoillo,,female,APAucará-LB-L003_B1263,ynosencia ccoyllo,juan ccoyllo|benita cucho,unknown,aucara,name_evidence_only,Most common,1871,baptized,ynocencia,68.0,baptism,ccoillo,,True,True,True,True,False,True,0,False,False,False,True,5,high_context,unreviewed,,NAME-ENH-0022,professor_completed,professor_reviewed_rule_coverage,retained_professor_confirmed_match,confirmed_match,baptism recorded twice,JCP,8/17/2026,
persona-21812,persona-21920,canonical_full_name_plus_parent_pair,1,2,2.0,False,True,name_enhancement_rescue_v2,,,,,,,,,,,,,False,,,,persona-21812||persona-21920,male,APAucará-LB-L003_B1244,estevan ramos,pablo ramos|rufina,male,aucara,agrees_with_existing_gender,Most common,1871,baptized,estevan,222.0,baptism,ramos,,male,APAucará-LB-L003_B1271,esteban ramos,pablo ramos|rufina,male,aucara,agrees_with_existing_gender,Most common,1871,baptized,estevan,222.0,baptism,ramos,,True,True,True,True,False,True,0,False,False,False,True,5,high_context,unreviewed,,NAME-ENH-0023,professor_completed,professor_reviewed_rule_coverage,retained_professor_confirmed_match,confirmed_match,baptism recorded twice,JCP,8/17/2026,
persona-21824,persona-38154,canonical_full_name_plus_parent_pair,1,2,2.0,False,True,name_enhancement_rescue_v2,,,,,,,,,,,,,False,,,,persona-21824||persona-38154,male,APAucará-LB-L003_B1247,sebastian huamani,casimiro huamani|andrea huarcaya,male,aucara,agrees_with_existing_gender,Most common,1871,baptized,sebastian,349.0,baptism,huamani,,male,APAucará-LM-L003_M144,sevastian huamani,casimiro huamani|andrea huarcaya,male,aucara,agrees_with_existing_gender,Most common,1892,husband,sebastian,349.0,marriage,huamani,raymunda baca,True,True,True,True,False,True,21,False,False,False,True,5,high_context,unreviewed,,NAME-ENH-0029,professor_completed,professor_reviewed_rule_coverage,retained_professor_confirmed_match,confirmed_match,,JCP,8/17/2026,
persona-21941,persona-22982,canonical_full_name_plus_spouse,1,2,2.0,False,True,name_enhancement_rescue_v2,,,,,,,,,,,,,False,,,,persona-21941||persona-22982,male,APAucará-LB-L003_B1276,martin quizpe,,male,aucara,agrees_with_existing_gender,Most common,1871,father,martin,292.0,baptism,quispe,francisca sanches,male,APAucará-LB-L004_B1539,martin quispe,,male,pampamarca,agrees_with_existing_gender,Most common,1883,father,martin,292.0,baptism,quispe,francisca sanches,True,True,True,False,True,False,12,False,False,False,True,4,medium_context,unreviewed,,NAME-V2-0065,student_first_pass,canonical_full_name_plus_spouse,unseen_spouse_context_coverage,confirmed_match,Codex preliminary evidence review: canonical full name and spouse context agree; 12-year event gap; no conflicting gender evidence.,Codex preliminary evidence review,2026-08-19,
persona-22009,persona-35317,canonical_full_name_plus_spouse,1,2,2.0,False,True,name_enhancement_rescue_v2,,,,,,,,,,,,,False,,,,persona-22009||persona-35317,female,APAucará-LB-L003_B1293,baleriana urbano,,unknown,aucara,name_evidence_only,Most common,1871,mother,valeriana,70.0,baptism,urbano,ciriaco ccoyllo,female,APAucará-LM-L002_M190,valeriana urbano,simion urbano|anselma barrientos,female,aucara,agrees_with_existing_gender,Most common,1869,wife,valeriana,70.0,marriage,urbano,ciriaco ccoyllo,True,True,True,False,True,True,2,False,False,False,True,5,high_context,unreviewed,,NAME-V2-0029,student_first_pass,canonical_full_name_plus_spouse,unseen_spouse_context_coverage,confirmed_match,Codex preliminary evidence review: canonical full name and spouse context agree; 2-year event gap; no conflicting gender evidence.,Codex preliminary evidence review,2026-08-19,
persona-2209,persona-5366,canonical_full_name_plus_spouse,1,2,2.0,False,True,name_enhancement_rescue_v2,,,,,,,,,,,,,False,,,,persona-2209||persona-5366,female,APAucará-LB-L001_B572,maria malma,,female,,agrees_with_existing_gender,Most common,1796,mother,maria,1772.0,baptism,mallma,sebastian urbano,female,APAucará-LB-L001_B1379,maria mallma,,female,aucara,agrees_with_existing_gender,Most common,1810,mother,maria,1772.0,baptism,mallma,sebastian urbano,True,True,True,False,True,False,14,False,False,False,True,4,medium_context,unreviewed,,NAME-V2-0070,student_first_pass,canonical_full_name_plus_spouse,unseen_spouse_context_coverage,confirmed_match,Codex preliminary evidence review: canonical full name and spouse context agree; 14-year event gap; no conflicting gender evidence.,Codex preliminary evidence review,2026-08-19,
persona-22124,persona-34433,canonical_full_name_plus_spouse,1,2,2.0,False,True,name_enhancement_rescue_v2,,,,,,,,,,,,,False,,,,persona-22124||persona-34433,male,APAucará-LB-L003_B1322,feliz quizpe,,male,aucara,agrees_with_existing_gender,Most common,1871,father,feliz,161.0,baptism,quispe,manuela sanches,male,APAucará-LM-L002_M092,feliz quispe,eustaquio quispe|ursula ccoillo,male,aucara,agrees_with_existing_gender,Most common,1859,husband,feliz,161.0,marriage,quispe,manuela sanches,True,True,True,False,True,True,12,False,False,False,True,5,high_context,unreviewed,,NAME-V2-0016,student_first_pass,additional_unseen_pair,fill_to_master_sample,confirmed_match,Codex preliminary evidence review: canonical full name and spouse context agree; 12-year event gap; no conflicting gender evidence.,Codex preliminary evidence review,2026-08-19,
persona-22632,persona-23686,canonical_full_name_plus_spouse,1,2,2.0,False,True,name_enhancement_rescue_v2,,,,,,,,,,,,,False,,,,persona-22632||persona-23686,male,APAucará-LB-L004_B1451,damian chinchai,,male,,agrees_with_existing_gender,Most common,1882,father,damian,104.0,baptism,chinchay,bentura ramos,male,APAucará-LB-L004_B1718,damian chinchay,,male,aucara,agrees_with_existing_gender,Most common,1884,father,damian,104.0,baptism,chinchay,bentura ramos,True,True,True,False,True,False,2,False,False,False,True,4,medium_context,unreviewed,,NAME-V2-0030,student_first_pass,canonical_full_name_plus_spouse,unseen_spouse_context_coverage,confirmed_match,Codex preliminary evidence review: canonical full name and spouse context agree; 2-year event gap; no conflicting gender evidence.,Codex preliminary evidence review,2026-08-19,
persona-22705,persona-23864,canonical_full_name_plus_spouse,1,2,2.0,False,True,name_enhancement_rescue_v2,,,,,,,,,,,,,False,,,,persona-22705||persona-23864,female,APAucará-LB-L004_B1469,raymunda avalos,,unknown,,name_evidence_only,Most common,1883,mother,raymunda,73.0,baptism,avalos,eustaquio palomino,female,APAucará-LB-L004_B1763,raymunda abalos,,unknown,aucara,name_evidence_only,Most common,1885,mother,raymunda,73.0,baptism,avalos,eustaquio palomino,True,True,True,False,True,False,2,False,False,False,True,4,medium_context,unreviewed,,NAME-V2-0002,student_first_pass,additional_unseen_pair,fill_to_master_sample,confirmed_match,Codex preliminary evidence review: canonical full name and spouse context agree; 2-year event gap; no conflicting gender evidence.,Codex preliminary evidence review,2026-08-19,
persona-23765,persona-24801,canonical_full_name_plus_spouse,1,2,2.0,False,True,name_enhancement_rescue_v2,,,,,,,,,,,,,False,,,,persona-23765||persona-24801,female,APAucará-LB-L004_B1738,natividad abalos,,female,aucara,agrees_with_existing_gender,Most common,1885,mother,natividad,165.0,baptism,avalos,mariano serrano,female,APAucará-LB-L004_B2000,natividad avalos,,female,aucara,agrees_with_existing_gender,Most common,1888,mother,natividad,165.0,baptism,avalos,mariano serrano,True,True,True,False,True,True,3,False,False,False,True,5,high_context,unreviewed,,NAME-V2-0036,student_first_pass,canonical_full_name_plus_spouse,unseen_spouse_context_coverage,confirmed_match,Codex preliminary evidence review: canonical full name and spouse context agree; 3-year event gap; no conflicting gender evidence.,Codex preliminary evidence review,2026-08-19,
persona-24279,persona-24430,canonical_full_name_plus_spouse,1,2,2.0,False,True,name_enhancement_rescue_v2,,,,,,,,,,,,,False,,,,persona-24279||persona-24430,female,APAucará-LB-L004_B1868,benancia quispe,,unknown,iglesia pampamarca,name_evidence_only,Most common,1887,mother,benancia,64.0,baptism,quispe,mariano huallpatuero,female,APAucará-LB-L004_B1906,venancia quispe,,female,aucara,agrees_with_existing_gender,Most common,1888,mother,benancia,64.0,baptism,quispe,mariano huallpatuero,True,True,True,False,True,False,1,False,False,False,True,4,medium_context,unreviewed,,NAME-V2-0023,student_first_pass,canonical_full_name_plus_spouse,unseen_spouse_context_coverage,confirmed_match,Codex preliminary evidence review: canonical full name and spouse context agree; 1-year event gap; no conflicting gender evidence.,Codex preliminary evidence review,2026-08-19,
persona-2445,persona-3802,canonical_full_name_plus_spouse,1,2,2.0,False,True,name_enhancement_rescue_v2,,,,,,,,,,,,,False,,,,persona-2445||persona-3802,female,APAucará-LB-L001_B632,felipa cruz,,female,,agrees_with_existing_gender,Most common,1797,mother,felipa,176.0,baptism,cruz,mariano tito,female,APAucará-LB-L001_B980,felipa crus,,female,aucara,agrees_with_existing_gender,Most common,1804,mother,felipa,176.0,baptism,cruz,mariano tito,True,True,True,False,True,False,7,False,False,False,True,4,medium_context,unreviewed,,NAME-V2-0053,student_first_pass,canonical_full_name_plus_spouse,unseen_spouse_context_coverage,confirmed_match,Codex preliminary evidence review: canonical full name and spouse context agree; 7-year event gap; no conflicting gender evidence.,Codex preliminary evidence review,2026-08-19,
persona-25476,persona-8176,canonical_full_name_plus_spouse,1,2,2.0,False,True,name_enhancement_rescue_v2,,,,,,,,,,,,,False,,,,persona-25476||persona-8176,female,APAucará-LM-L001_M047,bibiana quispe,eugenio quispe|brigida espillco,female,pampamarca santa iglesia,agrees_with_existing_gender,Most common,1818,wife,bibiana,112.0,marriage,quispe,faustino ramos,female,APAucará-LB-L002_B00194,vibiana quispe,,unknown,aucara,name_evidence_only,Most common,1828,mother,bibiana,112.0,baptism,quispe,faustino ramos,True,True,True,False,True,False,10,False,False,False,True,4,medium_context,unreviewed,,NAME-V2-0062,student_first_pass,canonical_full_name_plus_spouse,unseen_spouse_context_coverage,confirmed_match,Codex preliminary evidence review: canonical full name and spouse context agree; 10-year event gap; no conflicting gender evidence.,Codex preliminary evidence review,2026-08-19,
persona-2618,persona-3148,canonical_full_name_plus_spouse,1,2,2.0,False,True,name_enhancement_rescue_v2,,,,,,,,,,,,,False,,,,persona-2618||persona-3148,female,APAucará-LB-L001_B676,rosa huarcaya,,female,,agrees_with_existing_gender,Most common,1797,mother,rosa,237.0,baptism,huarcaya,fernando espilco,female,APAucará-LB-L001_B811,rosa huarcaia,,female,,agrees_with_existing_gender,Most common,1799,mother,rosa,237.0,baptism,huarcaya,fernando espilco,True,True,True,False,True,False,2,False,False,False,True,4,medium_context,unreviewed,,NAME-V2-0031,student_first_pass,canonical_full_name_plus_spouse,unseen_spouse_context_coverage,confirmed_match,Codex preliminary evidence review: canonical full name and spouse context agree; 2-year event gap; no conflicting gender evidence.,Codex preliminary evidence review,2026-08-19,
persona-27357,persona-9167,canonical_full_name_plus_spouse,1,2,2.0,False,True,name_enhancement_rescue_v2,,,,,,,,,,,,,False,,,,persona-27357||persona-9167,male,APAucará-LM-L001_M258,santos ccoyllo,,unknown,aucara,name_evidence_only,Most common,1828,husband,santos,466.0,marriage,ccoillo,ynes sanches,male,APAucará-LB-L002_B00450,santos ccoillo,,unknown,ishua santa iglesia,name_evidence_only,Most common,1830,father,santos,466.0,baptism,ccoillo,ynes sanches,True,True,True,False,True,False,2,False,False,False,True,4,medium_context,unreviewed,,NAME-V2-0003,student_first_pass,additional_unseen_pair,fill_to_master_sample,confirmed_match,Codex preliminary evidence review: canonical full name and spouse context agree; 2-year event gap; no conflicting gender evidence.,Codex preliminary evidence review,2026-08-19,
persona-27880,persona-7245,canonical_full_name_plus_parent_pair,1,2,2.0,False,True,name_enhancement_rescue_v2,,,,,,,,,,,,,False,,,,persona-27880||persona-7245,male,APAucará-LM-L001_M326,eusevio flores,pasqual flores|gregoria sanches,unknown,aucara,name_evidence_only,Most common,1833,husband,eusebio,195.0,marriage,flores,maria ynca,male,APAucará-LB-L001_B1857,eusebio flores,pasqual flores|gregoria sanches,male,ishua,agrees_with_existing_gender,Most common,1816,baptized,eusebio,195.0,baptism,flores,,True,True,True,True,True,False,17,False,False,False,True,6,high_context,unreviewed,,NAME-ENH-0027,professor_completed,professor_reviewed_rule_coverage,retained_professor_confirmed_match,confirmed_match,"marriage recorded twice (M326 and M330), but on a different date. Merge individuals but keep separate event, just in case, for the marriage info. Is not exactly the same",JCP,8/17/2026,
persona-27918,persona-7245,canonical_full_name_plus_parent_pair,1,2,2.0,False,True,name_enhancement_rescue_v2,,,,,,,,,,,,,False,,,,persona-27918||persona-7245,male,APAucará-LM-L001_M330,eusevio flores,pasqual flores|gregoria sanches,unknown,aucara,name_evidence_only,Most common,1833,husband,eusebio,195.0,marriage,flores,maria ynca,male,APAucará-LB-L001_B1857,eusebio flores,pasqual flores|gregoria sanches,male,ishua,agrees_with_existing_gender,Most common,1816,baptized,eusebio,195.0,baptism,flores,,True,True,True,True,True,False,17,False,False,False,True,6,high_context,unreviewed,,NAME-ENH-0028,professor_completed,professor_reviewed_rule_coverage,retained_professor_confirmed_match,confirmed_match,"marriage recorded twice (M326 and M330), but on a different date. Merge individuals but keep separate event, just in case, for the marriage info. Is not exactly the same",JCP,8/17/2026,
persona-3033,persona-4059,canonical_full_name_plus_spouse,1,2,2.0,False,True,name_enhancement_rescue_v2,,,,,,,,,,,,,False,,,,persona-3033||persona-4059,female,APAucará-LB-L001_B782,josepha sanches,,female,,agrees_with_existing_gender,Most common,1799,mother,josefa,462.0,baptism,sanches,marcos coyllo,female,APAucará-LB-L001_B1045,josefa sanches,,female,aucara,agrees_with_existing_gender,Most common,1805,mother,josefa,462.0,baptism,sanches,marcos coyllo,True,True,True,False,True,False,6,False,False,False,True,4,medium_context,unreviewed,,NAME-V2-0048,student_first_pass,canonical_full_name_plus_spouse,unseen_spouse_context_coverage,confirmed_match,Codex preliminary evidence review: canonical full name and spouse context agree; 6-year event gap; no conflicting gender evidence.,Codex preliminary evidence review,2026-08-19,
persona-37452,persona-40847,canonical_full_name_plus_parent_pair,1,2,2.0,False,True,name_enhancement_rescue_v2,,,,,,,,,,,,,False,,,,persona-37452||persona-40847,female,APAucará-LM-L003_M070,jervacia mejia,manuel mejia|josefa espinosa,unknown,aucara,name_evidence_only,Common,1890,wife,gervacia,22.0,marriage,mejia,mariano echevarria,female,APAucará-LM-L003_M415,gervacia mejia,manuel mejia|josefa espinosa,unknown,aucara,name_evidence_only,Common,1904,wife,gervacia,22.0,marriage,mejia,mariano ychavarria,True,True,True,True,True,True,14,False,False,False,True,7,high_context,unreviewed,,NAME-ENH-0025,professor_completed,professor_reviewed_rule_coverage,retained_professor_confirmed_match,confirmed_match,"marriage recorded twice apparently because groom and bride were relatives and they had to get authorization/dispensation. So the 1904 marriage was a confirmation of the 1890. Very rare, but not impossible. I would merge the individuals but keep the two marriages as separate events because they happened 14 years apart and under different circumstances. Again, this is going to be very rare",JCP,8/17/2026,
persona-396,persona-4169,canonical_full_name_plus_spouse,1,2,2.0,False,True,name_enhancement_rescue_v2,,,,,,,,,,,,,False,,,,persona-396||persona-4169,female,APAucará-LB-L001_B105,cathalina ramos,,unknown,,name_evidence_only,Most common,1791,mother,catalina,200.0,baptism,ramos,juan bustillos,female,APAucará-LB-L001_B1073,catalina ramos,,female,pampamarca,agrees_with_existing_gender,Most common,1806,mother,catalina,200.0,baptism,ramos,juan bustillos,True,True,True,False,True,False,15,False,False,False,True,4,medium_context,unreviewed,,NAME-V2-0073,student_first_pass,canonical_full_name_plus_spouse,unseen_spouse_context_coverage,confirmed_match,Codex preliminary evidence review: canonical full name and spouse context agree; 15-year event gap; no conflicting gender evidence.,Codex preliminary evidence review,2026-08-19,
persona-3983,persona-4587,canonical_full_name_plus_spouse,1,2,2.0,False,True,name_enhancement_rescue_v2,,,,,,,,,,,,,False,,,,persona-3983||persona-4587,female,APAucará-LB-L001_B1026,eulalia lisarbe,,female,aucara,agrees_with_existing_gender,Most common,1804,mother,eulalia,148.0,baptism,lisarve,pablo urbano,female,APAucará-LB-L001_B1181,eulalia lisarve,,female,aucara,agrees_with_existing_gender,Most common,1808,mother,eulalia,148.0,baptism,lisarve,pablo urbano,True,True,True,False,True,True,4,False,False,False,True,5,high_context,unreviewed,,NAME-V2-0044,student_first_pass,canonical_full_name_plus_spouse,unseen_spouse_context_coverage,confirmed_match,Codex preliminary evidence review: canonical full name and spouse context agree; 4-year event gap; no conflicting gender evidence.,Codex preliminary evidence review,2026-08-19,
persona-3999,persona-4510,canonical_full_name_plus_spouse,1,2,2.0,False,True,name_enhancement_rescue_v2,,,,,,,,,,,,,False,,,,persona-3999||persona-4510,female,APAucará-LB-L001_B1030,leonarda yaca,,female,aucara,agrees_with_existing_gender,Most common,1804,mother,leonarda,98.0,baptism,yacca,dionicio cuchu,female,APAucará-LB-L001_B1161,leonarda yacca,,female,chacralla,agrees_with_existing_gender,Most common,1807,mother,leonarda,98.0,baptism,yacca,dionicio cuchu,True,True,True,False,True,False,3,False,False,False,True,4,medium_context,unreviewed,,NAME-V2-0037,student_first_pass,canonical_full_name_plus_spouse,unseen_spouse_context_coverage,confirmed_match,Codex preliminary evidence review: canonical full name and spouse context agree; 3-year event gap; no conflicting gender evidence.,Codex preliminary evidence review,2026-08-19,
persona-40233,persona-40319,canonical_full_name_rare || marriage_godparent_canonical_full_name_plus_place,2,1,2.0,False,True,name_enhancement_rescue_v2,,,,,,,,,,,,,False,,,,persona-40233||persona-40319,male,APAucará-LM-L003_M342,arturo vargas,pablo vargas|gregoria galindo,male,aucara,agrees_with_existing_gender,Rare,1902,husband,arturo,2.0,marriage,bargas,rejina barrios,male,APAucará-LM-L003_M351,arturo vargas,,male,aucara,agrees_with_existing_gender,Rare,1903,godparent,arturo,2.0,marriage,bargas,,True,True,True,False,True,True,1,True,False,False,True,6,high_context,unreviewed,,NAME-ENH-0095,professor_completed,professor_reviewed_rule_coverage,retained_professor_confirmed_match,confirmed_match,"pretty cool match between bride/groom and then, after marriage, the couple acting as witnesses in someone else's wedding. ",JCP,8/17/2026,
persona-4054,persona-5517,canonical_full_name_plus_spouse,1,2,2.0,False,True,name_enhancement_rescue_v2,,,,,,,,,,,,,False,,,,persona-4054||persona-5517,male,APAucará-LB-L001_B1044,pasqual huauya,,male,aucara,agrees_with_existing_gender,Most common,1805,father,pasqual,58.0,baptism,huauya,dominga ramos,male,APAucará-LB-L001_B1417,pasqual guauya,,male,pampamarca,agrees_with_existing_gender,Most common,1810,father,pasqual,58.0,baptism,huauya,dominga ramos,True,True,True,False,True,False,5,False,False,False,True,4,medium_context,unreviewed,,NAME-V2-0046,student_first_pass,canonical_full_name_plus_spouse,unseen_spouse_context_coverage,confirmed_match,Codex preliminary evidence review: canonical full name and spouse context agree; 5-year event gap; no conflicting gender evidence.,Codex preliminary evidence review,2026-08-19,
persona-4187,persona-6099,canonical_full_name_plus_spouse,1,2,2.0,False,True,name_enhancement_rescue_v2,,,,,,,,,,,,,False,,,,persona-4187||persona-6099,female,APAucará-LB-L001_B1078,polonia guajardo,,unknown,aucara,name_evidence_only,Most common,1806,mother,polonia,81.0,baptism,huajardo,manuel arango,female,APAucará-LB-L001_B1565,polonia huajardo,,unknown,aucara,name_evidence_only,Most common,1812,mother,polonia,81.0,baptism,huajardo,manuel arango,True,True,True,False,True,True,6,False,False,False,True,5,high_context,unreviewed,,NAME-V2-0049,student_first_pass,canonical_full_name_plus_spouse,unseen_spouse_context_coverage,confirmed_match,Codex preliminary evidence review: canonical full name and spouse context agree; 6-year event gap; no conflicting gender evidence.,Codex preliminary evidence review,2026-08-19,
persona-5221,persona-6164,canonical_full_name_plus_spouse,1,2,2.0,False,True,name_enhancement_rescue_v2,,,,,,,,,,,,,False,,,,persona-5221||persona-6164,male,APAucará-LB-L001_B1342,agustin sanchez,,male,aucara,agrees_with_existing_gender,Most common,1809,father,agustin,114.0,baptism,sanches,maria barrientos,male,APAucará-LB-L001_B1582,agustin sanches,,male,chacralla,agrees_with_existing_gender,Most common,1812,father,agustin,114.0,baptism,sanches,maria barrientos,True,True,True,False,True,False,3,False,False,False,True,4,medium_context,unreviewed,,NAME-V2-0038,student_first_pass,canonical_full_name_plus_spouse,unseen_spouse_context_coverage,confirmed_match,Codex preliminary evidence review: canonical full name and spouse context agree; 3-year event gap; no conflicting gender evidence.,Codex preliminary evidence review,2026-08-19,
persona-5437,persona-8619,canonical_full_name_plus_spouse,1,2,2.0,False,True,name_enhancement_rescue_v2,,,,,,,,,,,,,False,,,,persona-5437||persona-8619,male,APAucará-LB-L001_B1397,bisente sanchez,,unknown,aucara,name_evidence_only,Most common,1810,father,vicente,198.0,baptism,sanches,maria ccoyllo,male,APAucará-LB-L002_B00309,vizente sanches,,unknown,aucara,name_evidence_only,Most common,1825,father,vicente,198.0,baptism,sanches,maria ccoyllo,True,True,True,False,True,True,15,False,False,False,True,5,high_context,unreviewed,,NAME-V2-0074,student_first_pass,canonical_full_name_plus_spouse,unseen_spouse_context_coverage,confirmed_match,Codex preliminary evidence review: canonical full name and spouse context agree; 15-year event gap; no conflicting gender evidence.,Codex preliminary evidence review,2026-08-19,
persona-5522,persona-6445,canonical_full_name_plus_spouse,1,2,2.0,False,True,name_enhancement_rescue_v2,,,,,,,,,,,,,False,,,,persona-5522||persona-6445,female,APAucará-LB-L001_B1418,tomasa quispe,,female,pampamarca,agrees_with_existing_gender,Most common,1810,mother,tomasa,276.0,baptism,quispe,gregorio condori,female,APAucará-LB-L001_B1653,thomasa quispe,,unknown,aucara,name_evidence_only,Most common,1813,mother,tomasa,276.0,baptism,quispe,gregorio condori,True,True,True,False,True,False,3,False,False,False,True,4,medium_context,unreviewed,,NAME-V2-0039,student_first_pass,canonical_full_name_plus_spouse,unseen_spouse_context_coverage,confirmed_match,Codex preliminary evidence review: canonical full name and spouse context agree; 3-year event gap; no conflicting gender evidence.,Codex preliminary evidence review,2026-08-19,
persona-5645,persona-7118,canonical_full_name_plus_spouse,1,2,2.0,False,True,name_enhancement_rescue_v2,,,,,,,,,,,,,False,,,,persona-5645||persona-7118,male,APAucará-LB-L001_B1450,felipe guachaca,,male,aucara,agrees_with_existing_gender,Most common,1810,father,felipe,230.0,baptism,huachaca,martina quispe,male,APAucará-LB-L001_B1824,felipe huachaca,,male,pampamarca,agrees_with_existing_gender,Most common,1815,father,felipe,230.0,baptism,huachaca,martina quispe,True,True,True,False,True,False,5,False,False,False,True,4,medium_context,unreviewed,,NAME-V2-0047,student_first_pass,canonical_full_name_plus_spouse,unseen_spouse_context_coverage,confirmed_match,Codex preliminary evidence review: canonical full name and spouse context agree; 5-year event gap; no conflicting gender evidence.,Codex preliminary evidence review,2026-08-19,
persona-5658,persona-6211,canonical_full_name_plus_spouse,1,2,2.0,False,True,name_enhancement_rescue_v2,,,,,,,,,,,,,False,,,,persona-5658||persona-6211,female,APAucará-LB-L001_B1453,polonia guamani,,unknown,pampamarca,name_evidence_only,Most common,1811,mother,polonia,81.0,baptism,huamani,julian bernaola,female,APAucará-LB-L001_B1594,polonia huamani,,unknown,pampamarca,name_evidence_only,Most common,1813,mother,polonia,81.0,baptism,huamani,julian bernaola,True,True,True,False,True,True,2,False,False,False,True,5,high_context,unreviewed,,NAME-V2-0004,student_first_pass,additional_unseen_pair,fill_to_master_sample,confirmed_match,Codex preliminary evidence review: canonical full name and spouse context agree; 2-year event gap; no conflicting gender evidence.,Codex preliminary evidence review,2026-08-19,
persona-6039,persona-7074,canonical_full_name_plus_spouse,1,2,2.0,False,True,name_enhancement_rescue_v2,,,,,,,,,,,,,False,,,,persona-6039||persona-7074,male,APAucará-LB-L001_B1550,atanacio nunez,,unknown,ishua,name_evidence_only,Most common,1812,father,atanacio,106.0,baptism,nunes,francisca huamani,male,APAucará-LB-L001_B1813,atanacio nunes,,unknown,ishua,name_evidence_only,Most common,1815,father,atanacio,106.0,baptism,nunes,francisca huamani,True,True,True,False,True,True,3,False,False,False,True,5,high_context,unreviewed,,NAME-V2-0040,student_first_pass,canonical_full_name_plus_spouse,unseen_spouse_context_coverage,confirmed_match,Codex preliminary evidence review: canonical full name and spouse context agree; 3-year event gap; no conflicting gender evidence.,Codex preliminary evidence review,2026-08-19,
persona-6152,persona-9577,canonical_full_name_plus_spouse,1,2,2.0,False,True,name_enhancement_rescue_v2,,,,,,,,,,,,,False,,,,persona-6152||persona-9577,male,APAucará-LB-L001_B1579,juan huallpatuiro,,male,pampamarca,agrees_with_existing_gender,Most common,1812,father,juan,976.0,baptism,huallpatuiro,gregoria tito,male,APAucará-LB-L002_B00553,juan huallpatuyro,,male,aucara,agrees_with_existing_gender,Most common,1831,father,juan,976.0,baptism,huallpatuiro,gregoria tito,True,True,True,False,True,False,19,False,False,False,True,4,medium_context,unreviewed,,NAME-V2-0078,student_first_pass,canonical_full_name_plus_spouse,unseen_spouse_context_coverage,confirmed_match,Codex preliminary evidence review: canonical full name and spouse context agree; 19-year event gap; no conflicting gender evidence.,Codex preliminary evidence review,2026-08-19,
persona-6564,persona-8595,canonical_full_name_plus_spouse,1,2,2.0,False,True,name_enhancement_rescue_v2,,,,,,,,,,,,,False,,,,persona-6564||persona-8595,male,APAucará-LB-L001_B1684,silvestre guachaca,,male,ishua,agrees_with_existing_gender,Most common,1814,father,silvestre,101.0,baptism,huachaca,nicolasa achamisa,male,APAucará-LB-L002_B00303,silvestre huachaca,,male,aucara,agrees_with_existing_gender,Most common,1825,father,silvestre,101.0,baptism,huachaca,nicolasa achamisa,True,True,True,False,True,False,11,False,False,False,True,4,medium_context,unreviewed,,NAME-V2-0064,student_first_pass,canonical_full_name_plus_spouse,unseen_spouse_context_coverage,confirmed_match,Codex preliminary evidence review: canonical full name and spouse context agree; 11-year event gap; no conflicting gender evidence.,Codex preliminary evidence review,2026-08-19,
persona-7118,persona-9302,canonical_full_name_plus_spouse,1,2,2.0,False,True,name_enhancement_rescue_v2,,,,,,,,,,,,,False,,,,persona-7118||persona-9302,male,APAucará-LB-L001_B1824,felipe huachaca,,male,pampamarca,agrees_with_existing_gender,Most common,1815,father,felipe,230.0,baptism,huachaca,martina quispe,male,APAucará-LB-L002_B00484,felipe guachaca,,male,aucara,agrees_with_existing_gender,Most common,1830,father,felipe,230.0,baptism,huachaca,martina quispe,True,True,True,False,True,False,15,False,False,False,True,4,medium_context,unreviewed,,NAME-V2-0019,student_first_pass,additional_unseen_pair,fill_to_master_sample,confirmed_match,Codex preliminary evidence review: canonical full name and spouse context agree; 15-year event gap; no conflicting gender evidence.,Codex preliminary evidence review,2026-08-19,
persona-8562,persona-8888,canonical_full_name_plus_spouse,1,2,2.0,False,True,name_enhancement_rescue_v2,,,,,,,,,,,,,False,,,,persona-8562||persona-8888,female,APAucará-LB-L002_B00294,maria hualpatuiro,,female,aucara,agrees_with_existing_gender,Most common,1825,mother,maria,1772.0,baptism,huallpatuiro,gaspar osorio,female,APAucará-LB-L002_B00378,maria huallpatuyro,,female,aucara,agrees_with_existing_gender,Most common,1829,mother,maria,1772.0,baptism,huallpatuiro,gaspar osorio,True,True,True,False,True,True,4,False,False,False,True,5,high_context,unreviewed,,NAME-V2-0010,student_first_pass,additional_unseen_pair,fill_to_master_sample,confirmed_match,Codex preliminary evidence review: canonical full name and spouse context agree; 4-year event gap; no conflicting gender evidence.,Codex preliminary evidence review,2026-08-19,
persona-891,persona-986,canonical_full_name_plus_parent_pair,1,2,2.0,False,True,name_enhancement_rescue_v2,,,,,,,,,,,,,False,,,,persona-891||persona-986,male,APAucará-LB-L001_B234,mathias sanches,juan sanches|ysabel barrientos,male,,agrees_with_existing_gender,Most common,1793,baptized,matias,41.0,baptism,sanches,,male,APAucará-LB-L001_B258,matias sanches,juan sanches|ysabel barrientos,male,,agrees_with_existing_gender,Most common,1793,baptized,matias,41.0,baptism,sanches,,True,True,True,True,False,False,0,False,False,False,True,4,medium_context,unreviewed,,NAME-ENH-0024,professor_completed,professor_reviewed_rule_coverage,retained_professor_confirmed_match,confirmed_match,"baptism recorded twice with a few variations (different dates, different godfather)",JCP,8/17/2026,
persona-46710,persona-46711,previously_reviewed_confirmed_retained,0,0,0.0,False,True,previously_reviewed_confirmed_retained,,,,,,,,,,,,,False,,,,persona-46710||persona-46711,ambiguous,APAucará-LE-L003_E734,telesforo huarancca,telesforo huarancca|rosalia vilca,unknown,aucara,no_reliable_name_evidence,Common,1919,deceased,telesforo,6.0,burial,huarancca,,ambiguous,APAucará-LE-L003_E734,telesforo huarancca,,unknown,aucara,no_reliable_name_evidence,Common,1919,father,telesforo,6.0,burial,huarancca,,True,True,True,False,False,True,0,False,False,False,True,3,medium_context,unreviewed,,NAME-ENH-0094,professor_completed,professor_reviewed_rule_coverage,retained_professor_confirmed_match,confirmed_match,"note this is comparing the same event, not 2 different ones",JCP,8/17/2026,
persona-15,persona-3760,previously_reviewed_confirmed_retained,0,0,0.0,False,True,previously_reviewed_confirmed_retained,,,,,,,,,,,,,False,,,,persona-15||persona-3760,female,APAucará-LB-L001_B004,clemenzia manco,,unknown,aucara,name_evidence_only,Common,1790,mother,clemencia,32.0,baptism,mancco,juan cuebas,female,APAucará-LB-L001_B969,clemensia mancco,,unknown,aucara,name_evidence_only,Common,1803,godmother,clemencia,32.0,baptism,mancco,,True,True,True,False,True,True,13,False,False,False,True,5,high_context,unreviewed,,NAME-ENH-0098,professor_completed,professor_reviewed_rule_coverage,retained_professor_confirmed_match,confirmed_match,"I strongly suspect Clemenzia and Juan are the parents of B758 and of B207 and of B424. They just use alternate last names, which is a situation that is more common in the very early records.",JCP,8/17/2026,
