"candidate_type","parent_pair_key","father_full_name_key","mother_full_name_key","marriage_identifier","marriage_event_date","spouse_role","spouse_gender","spouse_name_raw","spouse_lastname_raw","spouse_birth_date","spouse_birth_year","marriage_age_years","baptism_identifier","baptism_event_date","baptism_place_raw","child_name_raw","child_lastname_raw","child_birth_date","child_timing_year","child_timing_source","birth_year_gap","within_birth_window","birth_before_marriage_allowed","same_normalized_place","review_decision","review_reason","automatic_identity_cluster_change"
"possible_spouse_self_baptism","andres morales | candelaria palomino","andres morales","candelaria palomino","M251","1918-07-07","wife","female","maximiliana","morales","1893-07-12","1893","25","B00711","1893-10-04","Aucara","maximiliana","morales","1893-09-18","1893","recorded_birth_year","0","True","True","True","needs_review","same_named_parent_pair and child/spouse timing within professor-approved ±15-year window; no marriage-date exclusion applied","False"
"possible_spouse_self_baptism","bartolome urbano | eulalia ccoyllo","bartolome urbano","eulalia ccoyllo","M447","1906-05-07","husband","male","sotelo","urbano","1877-05-13","1877","29","B1772","1885-05-03","Pueblo de Aucará","sotelo","urbano","1885-04-18","1885","recorded_birth_year","8","True","True","False","needs_review","same_named_parent_pair and child/spouse timing within professor-approved ±15-year window; no marriage-date exclusion applied","False"
"possible_spouse_self_baptism","daniel romero | juana huamani","daniel romero","juana huamani","M205","1915-12-10","wife","female","sofia","romero","1899-12-13","1899","16","B00095","1897-05-14","Aucara","sofia","romero","1897-04-30","1897","recorded_birth_year","2","True","True","True","needs_review","same_named_parent_pair and child/spouse timing within professor-approved ±15-year window; no marriage-date exclusion applied","False"
"possible_spouse_self_baptism","diego tito | juana ramos","diego tito","juana ramos","M075","1890-07-25","husband","male","mariano","tito","1864-07-31","1864","26","B0775","1866-03-30","Aucará","mariano","tito","1866-02-28","1866","recorded_birth_year","2","True","True","False","needs_review","same_named_parent_pair and child/spouse timing within professor-approved ±15-year window; no marriage-date exclusion applied","False"
"possible_spouse_self_baptism","felipe arimana | leocadia chalco","felipe arimana","leocadia chalco","M333","1920-02-18","husband","male","pedro","arimana","1870-03-01","1870","50","B0965","1867-12-05","Aucará","pedro","arimana","1867-12-04","1867","recorded_birth_year","3","True","True","True","needs_review","same_named_parent_pair and child/spouse timing within professor-approved ±15-year window; no marriage-date exclusion applied","False"
"possible_spouse_self_baptism","felipe cuevas | feliciana cucho","felipe cuevas","feliciana cucho","M340","1920-06-06","husband","male","luis","cuevas","1900-06-11","1900","20","B00146","1899-08-04","Aucara","luis","cuevas","1899-07-30","1899","recorded_birth_year","1","True","True","True","needs_review","same_named_parent_pair and child/spouse timing within professor-approved ±15-year window; no marriage-date exclusion applied","False"
"possible_spouse_self_baptism","francisco chinchay | jacinta nina","francisco chinchay","jacinta nina","M362","1920-08-29","husband","male","tiburcio","chinchay","1895-09-04","1895","25","B01050","1895-08-30","Aucara","tiburcio chinchay","chinchay","1895-08-09","1895","recorded_birth_year","0","True","True","True","needs_review","same_named_parent_pair and child/spouse timing within professor-approved ±15-year window; no marriage-date exclusion applied","False"
"possible_spouse_self_baptism","francisco urbano | celedonia ramos","francisco urbano","celedonia ramos","M237","1918-02-20","husband","male","santos","urbano","1898-02-24","1898","20","B1668","1884-07-18","Pueblo de Aucará","santos","urbano","1884-06-30","1884","recorded_birth_year","14","True","True","False","needs_review","same_named_parent_pair and child/spouse timing within professor-approved ±15-year window; no marriage-date exclusion applied","False"
"possible_spouse_self_baptism","gregorio asto | manuela espinosa","gregorio asto","manuela espinosa","M072","1890-06-25","wife","female","sebastiana","asto","1862-07-02","1862","28","B1153","1870-01-27","Aucará","sebastiana","asto","1870-01-20","1870","recorded_birth_year","8","True","True","False","needs_review","same_named_parent_pair and child/spouse timing within professor-approved ±15-year window; no marriage-date exclusion applied","False"
"possible_spouse_self_baptism","gregorio gavilan | segunda llaccsamanta","gregorio gavilan","segunda llaccsamanta","M049","1910-02-12","wife","female","tomasa","gavilan","1884-02-18","1884","26","B00132","1889-12-23","Aucara","tomasa gavilan","gavilan","1889-12-20","1889","recorded_birth_year","5","True","True","True","needs_review","same_named_parent_pair and child/spouse timing within professor-approved ±15-year window; no marriage-date exclusion applied","False"
"possible_spouse_self_baptism","jeronimo javier | encarnacion chinchay","jeronimo javier","encarnacion chinchay","M060","1909-06-06","husband","male","gregorio","javier","1885-06-11","1885","24","B00185","1890-03-24","Aucara","gregorio javier","javier","1890-03-09","1890","recorded_birth_year","5","True","True","True","needs_review","same_named_parent_pair and child/spouse timing within professor-approved ±15-year window; no marriage-date exclusion applied","False"
"possible_spouse_self_baptism","juan ccanto | cipriana champa","juan ccanto","cipriana champa","M074","1910-09-02","wife","female","josefa","ccanto","1884-09-07","1884","26","B00466","1892-03-22","Aucara","josefa ccanto","ccanto","1892-03-18","1892","recorded_birth_year","8","True","True","True","needs_review","same_named_parent_pair and child/spouse timing within professor-approved ±15-year window; no marriage-date exclusion applied","False"
"possible_spouse_self_baptism","lucas ccoillo | andrea quispe","lucas ccoillo","andrea quispe","M277","1880-10-26","wife","female","eulalia","ccoillo","1860-10-31","1860","20","B0040","1847-06-17","Aucará","eulalia ccoillo","ccoillo","1847-01-18","1847","recorded_birth_year","13","True","True","True","needs_review","same_named_parent_pair and child/spouse timing within professor-approved ±15-year window; no marriage-date exclusion applied","False"
"possible_spouse_self_baptism","luciano champa | gabriela ramos","luciano champa","gabriela ramos","M462","1906-08-29","wife","female","monica","champa","1886-09-02","1886","20","B00057","1889-05-10","Aucara","mónica champa","champa","1889-05-04","1889","recorded_birth_year","3","True","True","False","needs_review","same_named_parent_pair and child/spouse timing within professor-approved ±15-year window; no marriage-date exclusion applied","False"
"possible_spouse_self_baptism","manuel huallpatuero | estefa condori","manuel huallpatuero","estefa condori","M339","1920-05-13","wife","female","alejandra","huallpatuero","1900-05-18","1900","20","B00524","1892-06-25","Aucara","alejandra huallpatuero","huallpatuero","1892-05-26","1892","recorded_birth_year","8","True","True","True","needs_review","same_named_parent_pair and child/spouse timing within professor-approved ±15-year window; no marriage-date exclusion applied","False"
"possible_spouse_self_baptism","manuel mejia | josefa espinosa","manuel mejia","josefa espinosa","M415","1904-10-28","wife","female","gervacia","mejia","1872-11-04","1872","32","B0986","1868-06-20","Aucará","gervacia","mejia","1868-06-18","1868","recorded_birth_year","4","True","True","True","needs_review","same_named_parent_pair and child/spouse timing within professor-approved ±15-year window; no marriage-date exclusion applied","False"
"possible_spouse_self_baptism","marcelo huamani | ygnacia barrientos","marcelo huamani","ygnacia barrientos","M369","1920-10-18","wife","female","eulalia","huamani","1901-10-23","1901","19","B01184","1896-03-07","Pampamarca|santa iglesia viceparroquial","eulalia huamani","huamani","1896-02-09","1896","recorded_birth_year","5","True","True","False","needs_review","same_named_parent_pair and child/spouse timing within professor-approved ±15-year window; no marriage-date exclusion applied","False"
"possible_spouse_self_baptism","mariano ccoyllo | natividad urbano","mariano ccoyllo","natividad urbano","M058","1910-05-05","wife","female","gabriela","ccoyllo","1893-05-08","1893","17","B00985","1895-03-20","Pampamarca|santa iglesia viceparroquial","gabriela ccoyllo","ccoyllo","1895-03-17","1895","recorded_birth_year","2","True","True","False","needs_review","same_named_parent_pair and child/spouse timing within professor-approved ±15-year window; no marriage-date exclusion applied","False"
"possible_spouse_self_baptism","mariano dias | santona quispe","mariano dias","santona quispe","M066","1910-08-20","wife","female","victoria","dias","1888-08-24","1888","22","B00069","1889-06-02","Aucara","victoria dias","dias","1889-03-04","1889","recorded_birth_year","1","True","True","False","needs_review","same_named_parent_pair and child/spouse timing within professor-approved ±15-year window; no marriage-date exclusion applied","False"
"possible_spouse_self_baptism","mariano huallpatuero | benancia quispe","mariano huallpatuero","benancia quispe","M091","1912-03-07","husband","male","antonio","huallpatuero","1892-03-11","1892","20","B1868","1887-10-04","Iglesia de Pampamarca","antonio","huallpatuero","1887-09-04","1887","recorded_birth_year","5","True","True","False","needs_review","same_named_parent_pair and child/spouse timing within professor-approved ±15-year window; no marriage-date exclusion applied","False"
"possible_spouse_self_baptism","mariano serrano | espirita palomino","mariano serrano","espirita palomino","M228","1917-08-24","wife","female","antonia","serrano","1897-08-28","1897","20","B00331","1891-06-24","Aucara","antonia serrano","serrano","1891-06-12","1891","recorded_birth_year","6","True","True","False","needs_review","same_named_parent_pair and child/spouse timing within professor-approved ±15-year window; no marriage-date exclusion applied","False"
"possible_spouse_self_baptism","mariano serrano | natividad avalos","mariano serrano","natividad avalos","M092","1911-11-19","wife","female","josefa","serrano","1885-11-24","1885","26","B00631","1893-03-19","Aucara","josefa serrano","serrano","1893-03-16","1893","recorded_birth_year","8","True","True","False","needs_review","same_named_parent_pair and child/spouse timing within professor-approved ±15-year window; no marriage-date exclusion applied","False"
"possible_spouse_self_baptism","martin quispe | francisca sanches","martin quispe","francisca sanches","M074","1890-07-20","husband","male","felipe","quispe","1862-07-27","1862","28","B1020","1868-10-04","Aucará","felipe","quispe","1868-09-04","1868","recorded_birth_year","6","True","True","False","needs_review","same_named_parent_pair and child/spouse timing within professor-approved ±15-year window; no marriage-date exclusion applied","False"
"possible_spouse_self_baptism","miguel pacheco | silvestra mendoza","miguel pacheco","silvestra mendoza","M323","1919-12-01","husband","male","wenceslao","pacheco","1891-12-07","1891","28","B00039","1896-10-01","Aucara","wenceslao","pacheco","","1896","baptism_event_year_fallback","5","True","True","True","needs_review","same_named_parent_pair and child/spouse timing within professor-approved ±15-year window; no marriage-date exclusion applied","False"
"possible_spouse_self_baptism","pedro poma | gregoria javier","pedro poma","gregoria javier","M234","1917-10-29","husband","male","tomas","poma","1892-11-03","1892","25","B00275","1890-12-28","Aucara","tomas poma","poma","1890-11-28","1890","recorded_birth_year","2","True","True","True","needs_review","same_named_parent_pair and child/spouse timing within professor-approved ±15-year window; no marriage-date exclusion applied","False"
"possible_spouse_self_baptism","ramon lopez | felipa llacsamanta","ramon lopez","felipa llacsamanta","M077","1911-02-05","wife","female","florisa","lópez","1893-02-08","1893","18","B01094","1895-11-05","Aucara","florisa lopez","lopez","1895-10-29","1895","recorded_birth_year","2","True","True","True","needs_review","same_named_parent_pair and child/spouse timing within professor-approved ±15-year window; no marriage-date exclusion applied","False"
"possible_spouse_self_baptism","simeon perez | micaela huamani","simeon perez","micaela huamani","M013","1908-08-26","husband","male","francisco","pérez","1890-08-30","1890","18","B1856","1887-09-20","Iglesia de  Aucará","francisco","perez","1887-09-18","1887","recorded_birth_year","3","True","True","False","needs_review","same_named_parent_pair and child/spouse timing within professor-approved ±15-year window; no marriage-date exclusion applied","False"
"possible_spouse_self_baptism","valentin chalco | rosa bustillos","valentin chalco","rosa bustillos","M430","1905-05-23","husband","male","sixto","chalco","1886-05-27","1886","19","B00094","1889-08-25","Aucara","sixto chalco","chalco","1889-08-25","1889","recorded_birth_year","3","True","True","True","needs_review","same_named_parent_pair and child/spouse timing within professor-approved ±15-year window; no marriage-date exclusion applied","False"
